insert into authentication_user (password, last_login, is_superuser, is_staff, is_active, date_joined, email, first_name, last_name, username) values ('pbkdf2_sha256$870000$g37U0AlIpD6W5SdZsIhuF4$5wcVJwnF9IvIE/RiSu3obJXuUyjdfVL/ko+Y83ACpQY=', '2021-06-17 11:31:21', '1', '0', '0', '2021-05-15 23:59:11', 'yosef@yosef.com', 'Niall', 'Davey', 'ndavey0@mac.com');



insert into authentication_user (password, last_login, is_superuser, is_staff, is_active, date_joined, email, first_name, last_name, username) values ('pbkdf2_sha256$870000$g37U0AlIpD6W5SdZsIhuF4$5wcVJwnF9IvIE/RiSu3obJXuUyjdfVL/ko+Y83ACpQY=', '2020-01-30 21:31:35', '0', '0', '1', '2021-09-21 21:14:42', 'dpittock1@examiner.com', 'Denni', 'Pittock', 'dpittock1@ning.com');
insert into authentication_user (password, last_login, is_superuser, is_staff, is_active, date_joined, email, first_name, last_name, username) values ('pbkdf2_sha256$870000$g37U0AlIpD6W5SdZsIhuF4$5wcVJwnF9IvIE/RiSu3obJXuUyjdfVL/ko+Y83ACpQY=', '2021-12-03 03:07:35', '1', '1', '1', '2021-11-20 08:24:54', 'dhatfull2@youtu.be', 'Darrick', 'Hatfull', 'dhatfull2@youtu.be');
insert into authentication_user (password, last_login, is_superuser, is_staff, is_active, date_joined, email, first_name, last_name, username) values ('pbkdf2_sha256$870000$g37U0AlIpD6W5SdZsIhuF4$5wcVJwnF9IvIE/RiSu3obJXuUyjdfVL/ko+Y83ACpQY=', '2021-11-25 09:06:19', '1', '0', '0', '2020-03-01 16:11:40', 'cmcgooch3@yelp.com', 'Christel', 'McGooch', 'cmcgooch3@sourceforge.net');
insert into authentication_user (password, last_login, is_superuser, is_staff, is_active, date_joined, email, first_name, last_name, username) values ('pbkdf2_sha256$870000$g37U0AlIpD6W5SdZsIhuF4$5wcVJwnF9IvIE/RiSu3obJXuUyjdfVL/ko+Y83ACpQY=', '2020-05-01 14:43:18', '1', '1', '1', '2021-08-14 02:11:17', 'acoupman4@npr.org', 'Anthea', 'Coupman', 'acoupman4@tinypic.com');
insert into authentication_user (password, last_login, is_superuser, is_staff, is_active, date_joined, email, first_name, last_name, username) values ('pbkdf2_sha256$870000$g37U0AlIpD6W5SdZsIhuF4$5wcVJwnF9IvIE/RiSu3obJXuUyjdfVL/ko+Y83ACpQY=', '2020-11-24 19:45:03', '1', '1', '0', '2020-02-21 13:17:55', 'bcarlson5@bigcartel.com', 'Beverlee', 'Carlson', 'bcarlson5@tripadvisor.com');
insert into authentication_user (password, last_login, is_superuser, is_staff, is_active, date_joined, email, first_name, last_name, username) values ('pbkdf2_sha256$870000$g37U0AlIpD6W5SdZsIhuF4$5wcVJwnF9IvIE/RiSu3obJXuUyjdfVL/ko+Y83ACpQY=', '2020-05-05 17:49:47', '0', '0', '1', '2021-12-23 21:27:54', 'wkyle6@senate.gov', 'Wanda', 'Kyle', 'wkyle6@wufoo.com');
insert into authentication_user (password, last_login, is_superuser, is_staff, is_active, date_joined, email, first_name, last_name, username) values ('pbkdf2_sha256$870000$g37U0AlIpD6W5SdZsIhuF4$5wcVJwnF9IvIE/RiSu3obJXuUyjdfVL/ko+Y83ACpQY=', '2021-12-11 22:29:32', '0', '0', '0', '2020-02-12 04:54:51', 'sguillet7@tiny.cc', 'Salaidh', 'Guillet', 'sguillet7@netlog.com');
insert into authentication_user (password, last_login, is_superuser, is_staff, is_active, date_joined, email, first_name, last_name, username) values ('pbkdf2_sha256$870000$g37U0AlIpD6W5SdZsIhuF4$5wcVJwnF9IvIE/RiSu3obJXuUyjdfVL/ko+Y83ACpQY=', '2021-01-30 22:41:52', '0', '1', '0', '2020-03-31 02:27:07', 'cdanilyak8@walmart.com', 'Cyril', 'Danilyak', 'cdanilyak8@usgs.gov');
insert into authentication_user (password, last_login, is_superuser, is_staff, is_active, date_joined, email, first_name, last_name, username) values ('pbkdf2_sha256$870000$g37U0AlIpD6W5SdZsIhuF4$5wcVJwnF9IvIE/RiSu3obJXuUyjdfVL/ko+Y83ACpQY=', '2020-06-05 09:59:03', '0', '0', '0', '2021-06-15 13:39:26', 'kwitsey9@psu.edu', 'Karisa', 'Witsey', 'kwitsey9@parallels.com');
insert into authentication_user (password, last_login, is_superuser, is_staff, is_active, date_joined, email, first_name, last_name, username) values ('pbkdf2_sha256$870000$g37U0AlIpD6W5SdZsIhuF4$5wcVJwnF9IvIE/RiSu3obJXuUyjdfVL/ko+Y83ACpQY=', '2020-04-01 11:52:48', '1', '1', '1', '2020-09-12 10:44:21', 'ncarbonella@delicious.com', 'Nickie', 'Carbonell', 'ncarbonella@ibm.com');
insert into authentication_user (password, last_login, is_superuser, is_staff, is_active, date_joined, email, first_name, last_name, username) values ('pbkdf2_sha256$870000$g37U0AlIpD6W5SdZsIhuF4$5wcVJwnF9IvIE/RiSu3obJXuUyjdfVL/ko+Y83ACpQY=', '2021-03-16 10:00:40', '1', '0', '0', '2020-08-30 09:44:21', 'gjubertb@yelp.com', 'Gilberto', 'Jubert', 'gjubertb@cmu.edu');
insert into authentication_user (password, last_login, is_superuser, is_staff, is_active, date_joined, email, first_name, last_name, username) values ('pbkdf2_sha256$870000$g37U0AlIpD6W5SdZsIhuF4$5wcVJwnF9IvIE/RiSu3obJXuUyjdfVL/ko+Y83ACpQY=', '2021-01-17 01:14:33', '0', '0', '0', '2021-10-27 02:36:37', 'ssofec@github.com', 'Stacey', 'Sofe', 'ssofec@google.com.au');
insert into authentication_user (password, last_login, is_superuser, is_staff, is_active, date_joined, email, first_name, last_name, username) values ('pbkdf2_sha256$870000$g37U0AlIpD6W5SdZsIhuF4$5wcVJwnF9IvIE/RiSu3obJXuUyjdfVL/ko+Y83ACpQY=', '2020-07-11 08:17:40', '0', '0', '0', '2020-11-07 03:28:13', 'jmahaddied@illinois.edu', 'Jany', 'Mahaddie', 'jmahaddied@cornell.edu');
insert into authentication_user (password, last_login, is_superuser, is_staff, is_active, date_joined, email, first_name, last_name, username) values ('pbkdf2_sha256$870000$g37U0AlIpD6W5SdZsIhuF4$5wcVJwnF9IvIE/RiSu3obJXuUyjdfVL/ko+Y83ACpQY=', '2020-10-30 12:34:49', '1', '0', '1', '2021-01-12 08:20:38', 'sharmee@youtu.be', 'Steffi', 'Harme', 'sharmee@hp.com');
insert into authentication_user (password, last_login, is_superuser, is_staff, is_active, date_joined, email, first_name, last_name, username) values ('pbkdf2_sha256$870000$g37U0AlIpD6W5SdZsIhuF4$5wcVJwnF9IvIE/RiSu3obJXuUyjdfVL/ko+Y83ACpQY=', '2021-07-07 00:36:47', '0', '1', '0', '2021-09-06 12:34:00', 'tsteinhamf@about.com', 'Tally', 'Steinham', 'tsteinhamf@edublogs.org');
insert into authentication_user (password, last_login, is_superuser, is_staff, is_active, date_joined, email, first_name, last_name, username) values ('pbkdf2_sha256$870000$g37U0AlIpD6W5SdZsIhuF4$5wcVJwnF9IvIE/RiSu3obJXuUyjdfVL/ko+Y83ACpQY=', '2020-01-21 05:56:01', '0', '1', '0', '2020-09-29 15:08:16', 'wdinang@hao123.com', 'Wittie', 'Dinan', 'wdinang@reference.com');
insert into authentication_user (password, last_login, is_superuser, is_staff, is_active, date_joined, email, first_name, last_name, username) values ('pbkdf2_sha256$870000$g37U0AlIpD6W5SdZsIhuF4$5wcVJwnF9IvIE/RiSu3obJXuUyjdfVL/ko+Y83ACpQY=', '2020-02-28 05:02:29', '1', '0', '0', '2021-05-19 03:54:46', 'mparrenh@cam.ac.uk', 'Merle', 'Parren', 'mparrenh@uiuc.edu');
insert into authentication_user (password, last_login, is_superuser, is_staff, is_active, date_joined, email, first_name, last_name, username) values ('pbkdf2_sha256$870000$g37U0AlIpD6W5SdZsIhuF4$5wcVJwnF9IvIE/RiSu3obJXuUyjdfVL/ko+Y83ACpQY=', '2021-07-09 07:21:19', '0', '0', '1', '2021-05-17 06:32:25', 'abradbrooki@baidu.com', 'Aubrie', 'Bradbrook', 'abradbrooki@mapquest.com');
insert into authentication_user (password, last_login, is_superuser, is_staff, is_active, date_joined, email, first_name, last_name, username) values ('pbkdf2_sha256$870000$g37U0AlIpD6W5SdZsIhuF4$5wcVJwnF9IvIE/RiSu3obJXuUyjdfVL/ko+Y83ACpQY=', '2020-03-19 21:19:47', '0', '1', '1', '2021-04-22 04:57:26', 'lgoldsteinj@narod.ru', 'Lacie', 'Goldstein', 'lgoldsteinj@spotify.com');
insert into authentication_user (password, last_login, is_superuser, is_staff, is_active, date_joined, email, first_name, last_name, username) values ('pbkdf2_sha256$870000$g37U0AlIpD6W5SdZsIhuF4$5wcVJwnF9IvIE/RiSu3obJXuUyjdfVL/ko+Y83ACpQY=', '2020-05-04 17:35:27', '0', '1', '1', '2020-10-26 04:40:42', 'jgraylingk@com.com', 'Julio', 'Grayling', 'jgraylingk@blogger.com');
insert into authentication_user (password, last_login, is_superuser, is_staff, is_active, date_joined, email, first_name, last_name, username) values ('pbkdf2_sha256$870000$g37U0AlIpD6W5SdZsIhuF4$5wcVJwnF9IvIE/RiSu3obJXuUyjdfVL/ko+Y83ACpQY=', '2020-03-28 18:29:14', '1', '0', '1', '2021-07-31 03:32:19', 'sbonsull@columbia.edu', 'Sergent', 'Bonsul', 'sbonsull@gizmodo.com');
insert into authentication_user (password, last_login, is_superuser, is_staff, is_active, date_joined, email, first_name, last_name, username) values ('pbkdf2_sha256$870000$g37U0AlIpD6W5SdZsIhuF4$5wcVJwnF9IvIE/RiSu3obJXuUyjdfVL/ko+Y83ACpQY=', '2020-11-07 01:48:08', '0', '0', '0', '2021-04-23 22:10:20', 'tslucockm@woothemes.com', 'Tammara', 'Slucock', 'tslucockm@delicious.com');
insert into authentication_user (password, last_login, is_superuser, is_staff, is_active, date_joined, email, first_name, last_name, username) values ('pbkdf2_sha256$870000$g37U0AlIpD6W5SdZsIhuF4$5wcVJwnF9IvIE/RiSu3obJXuUyjdfVL/ko+Y83ACpQY=', '2020-03-18 18:26:39', '1', '1', '1', '2021-11-25 22:20:12', 'dbowbrickn@usa.gov', 'Derrick', 'Bowbrick', 'dbowbrickn@nydailynews.com');
insert into authentication_user (password, last_login, is_superuser, is_staff, is_active, date_joined, email, first_name, last_name, username) values ('pbkdf2_sha256$870000$g37U0AlIpD6W5SdZsIhuF4$5wcVJwnF9IvIE/RiSu3obJXuUyjdfVL/ko+Y83ACpQY=', '2020-05-04 05:58:06', '0', '1', '1', '2020-11-06 22:23:47', 'baldhouseo@hubpages.com', 'Bay', 'Aldhouse', 'baldhouseo@flavors.me');
insert into authentication_user (password, last_login, is_superuser, is_staff, is_active, date_joined, email, first_name, last_name, username) values ('pbkdf2_sha256$870000$g37U0AlIpD6W5SdZsIhuF4$5wcVJwnF9IvIE/RiSu3obJXuUyjdfVL/ko+Y83ACpQY=', '2020-07-30 16:14:36', '1', '0', '1', '2021-01-06 15:12:58', 'mmichelp@domainmarket.com', 'Marney', 'Michel', 'mmichelp@1688.com');
insert into authentication_user (password, last_login, is_superuser, is_staff, is_active, date_joined, email, first_name, last_name, username) values ('pbkdf2_sha256$870000$g37U0AlIpD6W5SdZsIhuF4$5wcVJwnF9IvIE/RiSu3obJXuUyjdfVL/ko+Y83ACpQY=', '2020-01-02 00:22:29', '1', '0', '1', '2020-05-27 08:03:35', 'slinehamq@t.co', 'Scotti', 'Lineham', 'slinehamq@ebay.com');
insert into authentication_user (password, last_login, is_superuser, is_staff, is_active, date_joined, email, first_name, last_name, username) values ('pbkdf2_sha256$870000$g37U0AlIpD6W5SdZsIhuF4$5wcVJwnF9IvIE/RiSu3obJXuUyjdfVL/ko+Y83ACpQY=', '2020-10-22 18:40:05', '0', '0', '0', '2021-07-12 16:26:42', 'vmeehanr@histats.com', 'Vassily', 'Meehan', 'vmeehanr@samsung.com');
insert into authentication_user (password, last_login, is_superuser, is_staff, is_active, date_joined, email, first_name, last_name, username) values ('pbkdf2_sha256$870000$g37U0AlIpD6W5SdZsIhuF4$5wcVJwnF9IvIE/RiSu3obJXuUyjdfVL/ko+Y83ACpQY=', '2021-04-21 02:43:39', '0', '1', '1', '2020-06-19 20:04:02', 'bmusickas@histats.com', 'Byrle', 'Musicka', 'bmusickas@typepad.com');
insert into authentication_user (password, last_login, is_superuser, is_staff, is_active, date_joined, email, first_name, last_name, username) values ('pbkdf2_sha256$870000$g37U0AlIpD6W5SdZsIhuF4$5wcVJwnF9IvIE/RiSu3obJXuUyjdfVL/ko+Y83ACpQY=', '2020-02-11 19:25:19', '1', '0', '1', '2021-11-17 06:37:50', 'tladelt@hubpages.com', 'Thibaut', 'Ladel', 'tladelt@irs.gov');
insert into authentication_user (password, last_login, is_superuser, is_staff, is_active, date_joined, email, first_name, last_name, username) values ('pbkdf2_sha256$870000$g37U0AlIpD6W5SdZsIhuF4$5wcVJwnF9IvIE/RiSu3obJXuUyjdfVL/ko+Y83ACpQY=', '2021-10-11 09:48:49', '1', '0', '1', '2021-08-01 05:42:12', 'ccasburnu@list-manage.com', 'Corbin', 'Casburn', 'ccasburnu@deviantart.com');
insert into authentication_user (password, last_login, is_superuser, is_staff, is_active, date_joined, email, first_name, last_name, username) values ('pbkdf2_sha256$870000$g37U0AlIpD6W5SdZsIhuF4$5wcVJwnF9IvIE/RiSu3obJXuUyjdfVL/ko+Y83ACpQY=', '2020-06-21 18:50:25', '0', '1', '1', '2021-08-04 02:34:49', 'mpeddiev@wunderground.com', 'Menard', 'Peddie', 'mpeddiev@networkadvertising.org');
insert into authentication_user (password, last_login, is_superuser, is_staff, is_active, date_joined, email, first_name, last_name, username) values ('pbkdf2_sha256$870000$g37U0AlIpD6W5SdZsIhuF4$5wcVJwnF9IvIE/RiSu3obJXuUyjdfVL/ko+Y83ACpQY=', '2020-06-03 15:05:19', '1', '1', '1', '2020-02-14 01:38:38', 'fwintonw@economist.com', 'Fredia', 'Winton', 'fwintonw@zdnet.com');
insert into authentication_user (password, last_login, is_superuser, is_staff, is_active, date_joined, email, first_name, last_name, username) values ('pbkdf2_sha256$870000$g37U0AlIpD6W5SdZsIhuF4$5wcVJwnF9IvIE/RiSu3obJXuUyjdfVL/ko+Y83ACpQY=', '2020-12-15 22:40:51', '0', '1', '0', '2020-04-30 20:10:47', 'ptaylorsonx@google.co.jp', 'Paula', 'Taylorson', 'ptaylorsonx@ehow.com');
insert into authentication_user (password, last_login, is_superuser, is_staff, is_active, date_joined, email, first_name, last_name, username) values ('pbkdf2_sha256$870000$g37U0AlIpD6W5SdZsIhuF4$5wcVJwnF9IvIE/RiSu3obJXuUyjdfVL/ko+Y83ACpQY=', '2021-11-13 20:28:18', '1', '1', '1', '2020-10-31 12:54:16', 'sdomenichelliy@nhs.uk', 'Sly', 'Domenichelli', 'sdomenichelliy@baidu.com');
insert into authentication_user (password, last_login, is_superuser, is_staff, is_active, date_joined, email, first_name, last_name, username) values ('pbkdf2_sha256$870000$g37U0AlIpD6W5SdZsIhuF4$5wcVJwnF9IvIE/RiSu3obJXuUyjdfVL/ko+Y83ACpQY=', '2020-04-19 20:58:31', '0', '0', '0', '2021-09-30 01:03:05', 'ejosefssonz@cpanel.net', 'Em', 'Josefsson', 'ejosefssonz@addtoany.com');
insert into authentication_user (password, last_login, is_superuser, is_staff, is_active, date_joined, email, first_name, last_name, username) values ('pbkdf2_sha256$870000$g37U0AlIpD6W5SdZsIhuF4$5wcVJwnF9IvIE/RiSu3obJXuUyjdfVL/ko+Y83ACpQY=', '2021-02-11 09:55:41', '0', '1', '1', '2020-07-04 01:33:27', 'tgwilliam10@miibeian.gov.cn', 'Tally', 'Gwilliam', 'tgwilliam10@furl.net');
insert into authentication_user (password, last_login, is_superuser, is_staff, is_active, date_joined, email, first_name, last_name, username) values ('pbkdf2_sha256$870000$g37U0AlIpD6W5SdZsIhuF4$5wcVJwnF9IvIE/RiSu3obJXuUyjdfVL/ko+Y83ACpQY=', '2021-01-15 01:34:27', '1', '1', '0', '2021-02-07 19:22:15', 'mplatt11@mapquest.com', 'Marnia', 'Platt', 'mplatt11@npr.org');
insert into authentication_user (password, last_login, is_superuser, is_staff, is_active, date_joined, email, first_name, last_name, username) values ('pbkdf2_sha256$870000$g37U0AlIpD6W5SdZsIhuF4$5wcVJwnF9IvIE/RiSu3obJXuUyjdfVL/ko+Y83ACpQY=', '2021-05-15 06:16:18', '0', '0', '0', '2020-03-28 02:48:11', 'abulch12@oracle.com', 'Alistair', 'Bulch', 'abulch12@yellowbook.com');
insert into authentication_user (password, last_login, is_superuser, is_staff, is_active, date_joined, email, first_name, last_name, username) values ('pbkdf2_sha256$870000$g37U0AlIpD6W5SdZsIhuF4$5wcVJwnF9IvIE/RiSu3obJXuUyjdfVL/ko+Y83ACpQY=', '2020-06-11 14:20:26', '1', '1', '0', '2020-05-19 05:33:03', 'rverlander13@yahoo.co.jp', 'Rogerio', 'Verlander', 'rverlander13@rakuten.co.jp');
insert into authentication_user (password, last_login, is_superuser, is_staff, is_active, date_joined, email, first_name, last_name, username) values ('pbkdf2_sha256$870000$g37U0AlIpD6W5SdZsIhuF4$5wcVJwnF9IvIE/RiSu3obJXuUyjdfVL/ko+Y83ACpQY=', '2020-03-22 21:59:24', '0', '0', '1', '2021-08-23 04:06:18', 'pkalewe14@twitter.com', 'Philis', 'Kalewe', 'pkalewe14@bbc.co.uk');
insert into authentication_user (password, last_login, is_superuser, is_staff, is_active, date_joined, email, first_name, last_name, username) values ('pbkdf2_sha256$870000$g37U0AlIpD6W5SdZsIhuF4$5wcVJwnF9IvIE/RiSu3obJXuUyjdfVL/ko+Y83ACpQY=', '2020-03-23 15:14:40', '0', '1', '0', '2020-02-16 07:49:09', 'yjaques15@angelfire.com', 'Yancey', 'Jaques', 'yjaques15@alexa.com');
insert into authentication_user (password, last_login, is_superuser, is_staff, is_active, date_joined, email, first_name, last_name, username) values ('pbkdf2_sha256$870000$g37U0AlIpD6W5SdZsIhuF4$5wcVJwnF9IvIE/RiSu3obJXuUyjdfVL/ko+Y83ACpQY=', '2021-08-22 14:04:18', '0', '0', '1', '2021-09-19 21:06:07', 'fhebblethwaite16@deviantart.com', 'Francyne', 'Hebblethwaite', 'fhebblethwaite16@comcast.net');
insert into authentication_user (password, last_login, is_superuser, is_staff, is_active, date_joined, email, first_name, last_name, username) values ('pbkdf2_sha256$870000$g37U0AlIpD6W5SdZsIhuF4$5wcVJwnF9IvIE/RiSu3obJXuUyjdfVL/ko+Y83ACpQY=', '2021-06-18 15:13:39', '0', '0', '1', '2020-06-13 17:50:36', 'glearned17@prweb.com', 'Geneva', 'Learned', 'glearned17@livejournal.com');
insert into authentication_user (password, last_login, is_superuser, is_staff, is_active, date_joined, email, first_name, last_name, username) values ('pbkdf2_sha256$870000$g37U0AlIpD6W5SdZsIhuF4$5wcVJwnF9IvIE/RiSu3obJXuUyjdfVL/ko+Y83ACpQY=', '2021-07-19 20:01:49', '1', '1', '1', '2021-04-15 01:20:59', 'kfibbens18@hc360.com', 'Katlin', 'Fibbens', 'kfibbens18@berkeley.edu');
insert into authentication_user (password, last_login, is_superuser, is_staff, is_active, date_joined, email, first_name, last_name, username) values ('pbkdf2_sha256$870000$g37U0AlIpD6W5SdZsIhuF4$5wcVJwnF9IvIE/RiSu3obJXuUyjdfVL/ko+Y83ACpQY=', '2021-03-07 07:12:11', '1', '1', '0', '2021-01-06 20:44:21', 'flighterness19@youku.com', 'Filip', 'Lighterness', 'flighterness19@cpanel.net');
insert into authentication_user (password, last_login, is_superuser, is_staff, is_active, date_joined, email, first_name, last_name, username) values ('pbkdf2_sha256$870000$g37U0AlIpD6W5SdZsIhuF4$5wcVJwnF9IvIE/RiSu3obJXuUyjdfVL/ko+Y83ACpQY=', '2021-08-28 07:54:52', '1', '1', '1', '2021-05-15 19:34:05', 'sbollin1a@icio.us', 'Sutherlan', 'Bollin', 'sbollin1a@timesonline.co.uk');
insert into authentication_user (password, last_login, is_superuser, is_staff, is_active, date_joined, email, first_name, last_name, username) values ('pbkdf2_sha256$870000$g37U0AlIpD6W5SdZsIhuF4$5wcVJwnF9IvIE/RiSu3obJXuUyjdfVL/ko+Y83ACpQY=', '2020-02-03 20:45:17', '0', '1', '0', '2020-07-02 02:44:00', 'mcomins1b@g.co', 'Monroe', 'Comins', 'mcomins1b@tumblr.com');
insert into authentication_user (password, last_login, is_superuser, is_staff, is_active, date_joined, email, first_name, last_name, username) values ('pbkdf2_sha256$870000$g37U0AlIpD6W5SdZsIhuF4$5wcVJwnF9IvIE/RiSu3obJXuUyjdfVL/ko+Y83ACpQY=', '2021-06-12 10:19:43', '0', '1', '1', '2021-01-03 09:54:43', 'ndefrancesco1c@diigo.com', 'Nichols', 'De Francesco', 'ndefrancesco1c@tamu.edu');
insert into authentication_user (password, last_login, is_superuser, is_staff, is_active, date_joined, email, first_name, last_name, username) values ('pbkdf2_sha256$870000$g37U0AlIpD6W5SdZsIhuF4$5wcVJwnF9IvIE/RiSu3obJXuUyjdfVL/ko+Y83ACpQY=', '2021-06-03 23:36:20', '1', '0', '0', '2020-01-02 05:15:18', 'msmalcombe1d@abc.net.au', 'Mariellen', 'Smalcombe', 'msmalcombe1d@biblegateway.com');
insert into authentication_user (password, last_login, is_superuser, is_staff, is_active, date_joined, email, first_name, last_name, username) values ('pbkdf2_sha256$870000$g37U0AlIpD6W5SdZsIhuF4$5wcVJwnF9IvIE/RiSu3obJXuUyjdfVL/ko+Y83ACpQY=', '2020-10-29 23:37:53', '0', '0', '1', '2020-04-11 01:20:35', 'rvickress1e@prnewswire.com', 'Rosalie', 'Vickress', 'rvickress1e@ucoz.ru');
insert into authentication_user (password, last_login, is_superuser, is_staff, is_active, date_joined, email, first_name, last_name, username) values ('pbkdf2_sha256$870000$g37U0AlIpD6W5SdZsIhuF4$5wcVJwnF9IvIE/RiSu3obJXuUyjdfVL/ko+Y83ACpQY=', '2021-08-13 08:34:10', '1', '1', '0', '2020-05-24 11:44:35', 'pwalling1f@vistaprint.com', 'Padriac', 'Walling', 'pwalling1f@etsy.com');
insert into authentication_user (password, last_login, is_superuser, is_staff, is_active, date_joined, email, first_name, last_name, username) values ('pbkdf2_sha256$870000$g37U0AlIpD6W5SdZsIhuF4$5wcVJwnF9IvIE/RiSu3obJXuUyjdfVL/ko+Y83ACpQY=', '2021-09-05 01:29:54', '1', '0', '1', '2021-03-14 00:36:44', 'estannard1g@qq.com', 'Elisha', 'Stannard', 'estannard1g@jigsy.com');
insert into authentication_user (password, last_login, is_superuser, is_staff, is_active, date_joined, email, first_name, last_name, username) values ('pbkdf2_sha256$870000$g37U0AlIpD6W5SdZsIhuF4$5wcVJwnF9IvIE/RiSu3obJXuUyjdfVL/ko+Y83ACpQY=', '2020-04-19 00:20:34', '1', '0', '1', '2021-02-13 02:54:34', 'csentance1h@nsw.gov.au', 'Corissa', 'Sentance', 'csentance1h@paginegialle.it');
insert into authentication_user (password, last_login, is_superuser, is_staff, is_active, date_joined, email, first_name, last_name, username) values ('pbkdf2_sha256$870000$g37U0AlIpD6W5SdZsIhuF4$5wcVJwnF9IvIE/RiSu3obJXuUyjdfVL/ko+Y83ACpQY=', '2021-01-05 01:23:53', '0', '1', '0', '2021-03-24 16:31:49', 'kgumn1i@de.vu', 'Keelby', 'Gumn', 'kgumn1i@answers.com');
insert into authentication_user (password, last_login, is_superuser, is_staff, is_active, date_joined, email, first_name, last_name, username) values ('pbkdf2_sha256$870000$g37U0AlIpD6W5SdZsIhuF4$5wcVJwnF9IvIE/RiSu3obJXuUyjdfVL/ko+Y83ACpQY=', '2020-02-23 12:24:43', '0', '1', '0', '2020-03-22 09:22:12', 'zbatham1j@nhs.uk', 'Zia', 'Batham', 'zbatham1j@free.fr');
insert into authentication_user (password, last_login, is_superuser, is_staff, is_active, date_joined, email, first_name, last_name, username) values ('pbkdf2_sha256$870000$g37U0AlIpD6W5SdZsIhuF4$5wcVJwnF9IvIE/RiSu3obJXuUyjdfVL/ko+Y83ACpQY=', '2020-10-29 12:27:33', '0', '0', '0', '2020-10-19 13:00:25', 'krosin1k@discuz.net', 'Keefer', 'Rosin', 'krosin1k@mlb.com');
insert into authentication_user (password, last_login, is_superuser, is_staff, is_active, date_joined, email, first_name, last_name, username) values ('pbkdf2_sha256$870000$g37U0AlIpD6W5SdZsIhuF4$5wcVJwnF9IvIE/RiSu3obJXuUyjdfVL/ko+Y83ACpQY=', '2020-08-27 14:33:40', '1', '1', '0', '2021-03-12 02:49:22', 'tpeeke1l@google.com.hk', 'Theresina', 'Peeke', 'tpeeke1l@photobucket.com');
insert into authentication_user (password, last_login, is_superuser, is_staff, is_active, date_joined, email, first_name, last_name, username) values ('pbkdf2_sha256$870000$g37U0AlIpD6W5SdZsIhuF4$5wcVJwnF9IvIE/RiSu3obJXuUyjdfVL/ko+Y83ACpQY=', '2021-06-16 17:40:16', '1', '0', '0', '2020-06-06 19:29:09', 'egeke1m@fda.gov', 'Emmett', 'Geke', 'egeke1m@wsj.com');
insert into authentication_user (password, last_login, is_superuser, is_staff, is_active, date_joined, email, first_name, last_name, username) values ('pbkdf2_sha256$870000$g37U0AlIpD6W5SdZsIhuF4$5wcVJwnF9IvIE/RiSu3obJXuUyjdfVL/ko+Y83ACpQY=', '2020-11-09 06:48:41', '0', '0', '0', '2021-06-04 12:22:59', 'rmerricks1n@huffingtonpost.com', 'Rene', 'Merricks', 'rmerricks1n@tumblr.com');
insert into authentication_user (password, last_login, is_superuser, is_staff, is_active, date_joined, email, first_name, last_name, username) values ('pbkdf2_sha256$870000$g37U0AlIpD6W5SdZsIhuF4$5wcVJwnF9IvIE/RiSu3obJXuUyjdfVL/ko+Y83ACpQY=', '2021-01-28 11:32:31', '1', '0', '0', '2020-09-30 23:51:51', 'ggrindell1o@businesswire.com', 'Georgetta', 'Grindell', 'ggrindell1o@army.mil');
insert into authentication_user (password, last_login, is_superuser, is_staff, is_active, date_joined, email, first_name, last_name, username) values ('pbkdf2_sha256$870000$g37U0AlIpD6W5SdZsIhuF4$5wcVJwnF9IvIE/RiSu3obJXuUyjdfVL/ko+Y83ACpQY=', '2021-11-17 04:32:12', '1', '1', '1', '2020-08-28 21:47:32', 'idemchen1p@canalblog.com', 'Ive', 'Demchen', 'idemchen1p@gmpg.org');
insert into authentication_user (password, last_login, is_superuser, is_staff, is_active, date_joined, email, first_name, last_name, username) values ('pbkdf2_sha256$870000$g37U0AlIpD6W5SdZsIhuF4$5wcVJwnF9IvIE/RiSu3obJXuUyjdfVL/ko+Y83ACpQY=', '2020-03-23 11:56:46', '0', '0', '0', '2021-01-27 14:40:14', 'sdensey1q@gnu.org', 'Sibyl', 'Densey', 'sdensey1q@myspace.com');
insert into authentication_user (password, last_login, is_superuser, is_staff, is_active, date_joined, email, first_name, last_name, username) values ('pbkdf2_sha256$870000$g37U0AlIpD6W5SdZsIhuF4$5wcVJwnF9IvIE/RiSu3obJXuUyjdfVL/ko+Y83ACpQY=', '2021-06-01 01:13:26', '0', '0', '1', '2021-05-12 00:17:58', 'tbuttner1r@biblegateway.com', 'Tobie', 'Buttner', 'tbuttner1r@yahoo.com');
insert into authentication_user (password, last_login, is_superuser, is_staff, is_active, date_joined, email, first_name, last_name, username) values ('pbkdf2_sha256$870000$g37U0AlIpD6W5SdZsIhuF4$5wcVJwnF9IvIE/RiSu3obJXuUyjdfVL/ko+Y83ACpQY=', '2021-10-27 11:40:52', '1', '0', '0', '2021-07-04 09:40:27', 'csambells1s@hostgator.com', 'Courtenay', 'Sambells', 'csambells1s@storify.com');
insert into authentication_user (password, last_login, is_superuser, is_staff, is_active, date_joined, email, first_name, last_name, username) values ('pbkdf2_sha256$870000$g37U0AlIpD6W5SdZsIhuF4$5wcVJwnF9IvIE/RiSu3obJXuUyjdfVL/ko+Y83ACpQY=', '2020-06-21 20:31:24', '0', '0', '0', '2020-12-30 06:38:47', 'cmcalester1t@mozilla.com', 'Chrysler', 'McAlester', 'cmcalester1t@dot.gov');
insert into authentication_user (password, last_login, is_superuser, is_staff, is_active, date_joined, email, first_name, last_name, username) values ('pbkdf2_sha256$870000$g37U0AlIpD6W5SdZsIhuF4$5wcVJwnF9IvIE/RiSu3obJXuUyjdfVL/ko+Y83ACpQY=', '2021-10-22 06:22:12', '0', '1', '0', '2021-10-17 16:46:21', 'evanacci1u@hc360.com', 'Elisabet', 'Vanacci', 'evanacci1u@theatlantic.com');
insert into authentication_user (password, last_login, is_superuser, is_staff, is_active, date_joined, email, first_name, last_name, username) values ('pbkdf2_sha256$870000$g37U0AlIpD6W5SdZsIhuF4$5wcVJwnF9IvIE/RiSu3obJXuUyjdfVL/ko+Y83ACpQY=', '2020-08-07 21:09:01', '1', '1', '1', '2021-01-31 22:57:35', 'skarlolak1v@nytimes.com', 'Sybilla', 'Karlolak', 'skarlolak1v@addtoany.com');
insert into authentication_user (password, last_login, is_superuser, is_staff, is_active, date_joined, email, first_name, last_name, username) values ('pbkdf2_sha256$870000$g37U0AlIpD6W5SdZsIhuF4$5wcVJwnF9IvIE/RiSu3obJXuUyjdfVL/ko+Y83ACpQY=', '2020-10-17 14:56:53', '1', '1', '1', '2021-10-29 15:26:17', 'lnorwich1w@icq.com', 'Laurie', 'Norwich', 'lnorwich1w@amazon.co.jp');
insert into authentication_user (password, last_login, is_superuser, is_staff, is_active, date_joined, email, first_name, last_name, username) values ('pbkdf2_sha256$870000$g37U0AlIpD6W5SdZsIhuF4$5wcVJwnF9IvIE/RiSu3obJXuUyjdfVL/ko+Y83ACpQY=', '2021-04-26 05:46:18', '1', '0', '1', '2020-03-07 18:00:07', 'mtyrwhitt1x@printfriendly.com', 'Moishe', 'Tyrwhitt', 'mtyrwhitt1x@techcrunch.com');
insert into authentication_user (password, last_login, is_superuser, is_staff, is_active, date_joined, email, first_name, last_name, username) values ('pbkdf2_sha256$870000$g37U0AlIpD6W5SdZsIhuF4$5wcVJwnF9IvIE/RiSu3obJXuUyjdfVL/ko+Y83ACpQY=', '2021-01-15 18:35:56', '0', '0', '0', '2021-11-20 07:01:42', 'ktink1y@facebook.com', 'Krisha', 'Tink', 'ktink1y@ovh.net');
insert into authentication_user (password, last_login, is_superuser, is_staff, is_active, date_joined, email, first_name, last_name, username) values ('pbkdf2_sha256$870000$g37U0AlIpD6W5SdZsIhuF4$5wcVJwnF9IvIE/RiSu3obJXuUyjdfVL/ko+Y83ACpQY=', '2021-06-16 15:39:47', '1', '1', '1', '2021-05-30 20:44:56', 'dfigliovanni1z@squarespace.com', 'Dione', 'Figliovanni', 'dfigliovanni1z@hatena.ne.jp');
insert into authentication_user (password, last_login, is_superuser, is_staff, is_active, date_joined, email, first_name, last_name, username) values ('pbkdf2_sha256$870000$g37U0AlIpD6W5SdZsIhuF4$5wcVJwnF9IvIE/RiSu3obJXuUyjdfVL/ko+Y83ACpQY=', '2021-10-19 15:55:45', '0', '1', '1', '2020-08-29 21:12:57', 'wipsley20@lycos.com', 'Winn', 'Ipsley', 'wipsley20@hibu.com');
insert into authentication_user (password, last_login, is_superuser, is_staff, is_active, date_joined, email, first_name, last_name, username) values ('pbkdf2_sha256$870000$g37U0AlIpD6W5SdZsIhuF4$5wcVJwnF9IvIE/RiSu3obJXuUyjdfVL/ko+Y83ACpQY=', '2020-10-14 15:14:45', '1', '0', '1', '2020-10-11 18:57:52', 'edelisle21@huffingtonpost.com', 'Eduardo', 'De L''Isle', 'edelisle21@pbs.org');
insert into authentication_user (password, last_login, is_superuser, is_staff, is_active, date_joined, email, first_name, last_name, username) values ('pbkdf2_sha256$870000$g37U0AlIpD6W5SdZsIhuF4$5wcVJwnF9IvIE/RiSu3obJXuUyjdfVL/ko+Y83ACpQY=', '2020-11-11 21:18:58', '0', '1', '1', '2021-02-26 11:47:57', 'mairds22@wunderground.com', 'Mathias', 'Airds', 'mairds22@eventbrite.com');
insert into authentication_user (password, last_login, is_superuser, is_staff, is_active, date_joined, email, first_name, last_name, username) values ('pbkdf2_sha256$870000$g37U0AlIpD6W5SdZsIhuF4$5wcVJwnF9IvIE/RiSu3obJXuUyjdfVL/ko+Y83ACpQY=', '2021-09-15 01:08:25', '0', '1', '1', '2021-05-03 12:05:11', 'mbidgood23@canalblog.com', 'Mikey', 'Bidgood', 'mbidgood23@lycos.com');
insert into authentication_user (password, last_login, is_superuser, is_staff, is_active, date_joined, email, first_name, last_name, username) values ('pbkdf2_sha256$870000$g37U0AlIpD6W5SdZsIhuF4$5wcVJwnF9IvIE/RiSu3obJXuUyjdfVL/ko+Y83ACpQY=', '2020-02-28 21:20:26', '0', '1', '1', '2021-12-22 06:11:02', 'jlomen24@rambler.ru', 'Julieta', 'Lomen', 'jlomen24@independent.co.uk');
insert into authentication_user (password, last_login, is_superuser, is_staff, is_active, date_joined, email, first_name, last_name, username) values ('pbkdf2_sha256$870000$g37U0AlIpD6W5SdZsIhuF4$5wcVJwnF9IvIE/RiSu3obJXuUyjdfVL/ko+Y83ACpQY=', '2021-05-14 16:20:27', '0', '0', '1', '2020-03-26 23:22:03', 'bcradoc25@seattletimes.com', 'Beth', 'Cradoc', 'bcradoc25@dyndns.org');
insert into authentication_user (password, last_login, is_superuser, is_staff, is_active, date_joined, email, first_name, last_name, username) values ('pbkdf2_sha256$870000$g37U0AlIpD6W5SdZsIhuF4$5wcVJwnF9IvIE/RiSu3obJXuUyjdfVL/ko+Y83ACpQY=', '2021-11-27 21:57:35', '0', '1', '0', '2020-08-28 05:03:53', 'marnholdt26@reuters.com', 'Markos', 'Arnholdt', 'marnholdt26@theatlantic.com');
insert into authentication_user (password, last_login, is_superuser, is_staff, is_active, date_joined, email, first_name, last_name, username) values ('pbkdf2_sha256$870000$g37U0AlIpD6W5SdZsIhuF4$5wcVJwnF9IvIE/RiSu3obJXuUyjdfVL/ko+Y83ACpQY=', '2021-04-02 15:57:07', '1', '0', '1', '2021-09-15 18:06:27', 'broelofs27@abc.net.au', 'Bee', 'Roelofs', 'broelofs27@usatoday.com');
insert into authentication_user (password, last_login, is_superuser, is_staff, is_active, date_joined, email, first_name, last_name, username) values ('pbkdf2_sha256$870000$g37U0AlIpD6W5SdZsIhuF4$5wcVJwnF9IvIE/RiSu3obJXuUyjdfVL/ko+Y83ACpQY=', '2021-06-20 19:05:38', '1', '1', '0', '2021-01-07 01:08:31', 'kadnett28@discovery.com', 'Kerrill', 'Adnett', 'kadnett28@sohu.com');
insert into authentication_user (password, last_login, is_superuser, is_staff, is_active, date_joined, email, first_name, last_name, username) values ('pbkdf2_sha256$870000$g37U0AlIpD6W5SdZsIhuF4$5wcVJwnF9IvIE/RiSu3obJXuUyjdfVL/ko+Y83ACpQY=', '2021-07-25 08:03:29', '1', '1', '0', '2021-06-03 08:37:49', 'tcunniam29@canalblog.com', 'Tore', 'Cunniam', 'tcunniam29@acquirethisname.com');
insert into authentication_user (password, last_login, is_superuser, is_staff, is_active, date_joined, email, first_name, last_name, username) values ('pbkdf2_sha256$870000$g37U0AlIpD6W5SdZsIhuF4$5wcVJwnF9IvIE/RiSu3obJXuUyjdfVL/ko+Y83ACpQY=', '2020-10-27 19:23:09', '1', '1', '1', '2020-04-28 22:45:16', 'afransson2a@hc360.com', 'Annadiane', 'Fransson', 'afransson2a@umich.edu');
insert into authentication_user (password, last_login, is_superuser, is_staff, is_active, date_joined, email, first_name, last_name, username) values ('pbkdf2_sha256$870000$g37U0AlIpD6W5SdZsIhuF4$5wcVJwnF9IvIE/RiSu3obJXuUyjdfVL/ko+Y83ACpQY=', '2020-09-30 11:02:40', '0', '1', '1', '2021-02-21 10:58:17', 'bwych2b@github.io', 'Bibbye', 'Wych', 'bwych2b@amazon.co.jp');
insert into authentication_user (password, last_login, is_superuser, is_staff, is_active, date_joined, email, first_name, last_name, username) values ('pbkdf2_sha256$870000$g37U0AlIpD6W5SdZsIhuF4$5wcVJwnF9IvIE/RiSu3obJXuUyjdfVL/ko+Y83ACpQY=', '2020-06-27 20:58:07', '1', '1', '1', '2020-06-26 08:53:30', 'rriba2c@smugmug.com', 'Ruy', 'Riba', 'rriba2c@wix.com');
insert into authentication_user (password, last_login, is_superuser, is_staff, is_active, date_joined, email, first_name, last_name, username) values ('pbkdf2_sha256$870000$g37U0AlIpD6W5SdZsIhuF4$5wcVJwnF9IvIE/RiSu3obJXuUyjdfVL/ko+Y83ACpQY=', '2021-04-19 08:58:18', '0', '0', '0', '2020-09-29 23:07:41', 'tjestico2d@soup.io', 'Teador', 'Jestico', 'tjestico2d@flickr.com');
insert into authentication_user (password, last_login, is_superuser, is_staff, is_active, date_joined, email, first_name, last_name, username) values ('pbkdf2_sha256$870000$g37U0AlIpD6W5SdZsIhuF4$5wcVJwnF9IvIE/RiSu3obJXuUyjdfVL/ko+Y83ACpQY=', '2021-09-14 11:09:20', '0', '0', '1', '2020-11-08 22:17:58', 'ehoult2e@un.org', 'Eimile', 'Hoult', 'ehoult2e@wikimedia.org');
insert into authentication_user (password, last_login, is_superuser, is_staff, is_active, date_joined, email, first_name, last_name, username) values ('pbkdf2_sha256$870000$g37U0AlIpD6W5SdZsIhuF4$5wcVJwnF9IvIE/RiSu3obJXuUyjdfVL/ko+Y83ACpQY=', '2021-12-28 10:43:52', '1', '1', '1', '2020-05-25 13:17:41', 'gcowthard2f@etsy.com', 'Giselle', 'Cowthard', 'gcowthard2f@weibo.com');
insert into authentication_user (password, last_login, is_superuser, is_staff, is_active, date_joined, email, first_name, last_name, username) values ('pbkdf2_sha256$870000$g37U0AlIpD6W5SdZsIhuF4$5wcVJwnF9IvIE/RiSu3obJXuUyjdfVL/ko+Y83ACpQY=', '2020-09-23 10:12:34', '1', '0', '1', '2021-09-04 14:04:42', 'skynaston2g@sitemeter.com', 'Sydel', 'Kynaston', 'skynaston2g@phoca.cz');
insert into authentication_user (password, last_login, is_superuser, is_staff, is_active, date_joined, email, first_name, last_name, username) values ('pbkdf2_sha256$870000$g37U0AlIpD6W5SdZsIhuF4$5wcVJwnF9IvIE/RiSu3obJXuUyjdfVL/ko+Y83ACpQY=', '2020-11-11 03:26:27', '0', '1', '0', '2021-07-26 18:36:19', 'jgreenlees2h@unc.edu', 'Jakob', 'Greenlees', 'jgreenlees2h@cpanel.net');
insert into authentication_user (password, last_login, is_superuser, is_staff, is_active, date_joined, email, first_name, last_name, username) values ('pbkdf2_sha256$870000$g37U0AlIpD6W5SdZsIhuF4$5wcVJwnF9IvIE/RiSu3obJXuUyjdfVL/ko+Y83ACpQY=', '2021-12-19 05:24:52', '0', '1', '1', '2020-07-31 19:34:16', 'dbernlin2i@japanpost.jp', 'Dorey', 'Bernlin', 'dbernlin2i@wikimedia.org');
insert into authentication_user (password, last_login, is_superuser, is_staff, is_active, date_joined, email, first_name, last_name, username) values ('pbkdf2_sha256$870000$g37U0AlIpD6W5SdZsIhuF4$5wcVJwnF9IvIE/RiSu3obJXuUyjdfVL/ko+Y83ACpQY=', '2021-02-12 15:04:24', '1', '1', '1', '2021-06-18 15:41:14', 'rchatel2j@utexas.edu', 'Roarke', 'Chatel', 'rchatel2j@sphinn.com');
insert into authentication_user (password, last_login, is_superuser, is_staff, is_active, date_joined, email, first_name, last_name, username) values ('pbkdf2_sha256$870000$g37U0AlIpD6W5SdZsIhuF4$5wcVJwnF9IvIE/RiSu3obJXuUyjdfVL/ko+Y83ACpQY=', '2021-05-22 19:22:38', '1', '1', '1', '2020-04-13 20:26:11', 'rwillimott2k@sourceforge.net', 'Raynard', 'Willimott', 'rwillimott2k@google.com.br');
insert into authentication_user (password, last_login, is_superuser, is_staff, is_active, date_joined, email, first_name, last_name, username) values ('pbkdf2_sha256$870000$g37U0AlIpD6W5SdZsIhuF4$5wcVJwnF9IvIE/RiSu3obJXuUyjdfVL/ko+Y83ACpQY=', '2020-02-28 01:27:40', '1', '1', '0', '2020-07-05 16:33:09', 'lbidewel2l@umn.edu', 'Lotty', 'Bidewel', 'lbidewel2l@wsj.com');
insert into authentication_user (password, last_login, is_superuser, is_staff, is_active, date_joined, email, first_name, last_name, username) values ('pbkdf2_sha256$870000$g37U0AlIpD6W5SdZsIhuF4$5wcVJwnF9IvIE/RiSu3obJXuUyjdfVL/ko+Y83ACpQY=', '2020-12-16 16:48:08', '0', '1', '1', '2021-08-31 21:08:49', 'dvinnick2m@eventbrite.com', 'Dorice', 'Vinnick', 'dvinnick2m@npr.org');
insert into authentication_user (password, last_login, is_superuser, is_staff, is_active, date_joined, email, first_name, last_name, username) values ('pbkdf2_sha256$870000$g37U0AlIpD6W5SdZsIhuF4$5wcVJwnF9IvIE/RiSu3obJXuUyjdfVL/ko+Y83ACpQY=', '2020-05-28 21:45:13', '0', '1', '0', '2021-11-17 08:56:23', 'gtrittam2n@e-recht24.de', 'Georgianne', 'Trittam', 'gtrittam2n@mozilla.org');
insert into authentication_user (password, last_login, is_superuser, is_staff, is_active, date_joined, email, first_name, last_name, username) values ('pbkdf2_sha256$870000$g37U0AlIpD6W5SdZsIhuF4$5wcVJwnF9IvIE/RiSu3obJXuUyjdfVL/ko+Y83ACpQY=', '2020-02-06 19:57:57', '0', '1', '0', '2021-06-01 03:54:10', 'bculbard2o@cafepress.com', 'Bobbee', 'Culbard', 'bculbard2o@sbwire.com');
insert into authentication_user (password, last_login, is_superuser, is_staff, is_active, date_joined, email, first_name, last_name, username) values ('pbkdf2_sha256$870000$g37U0AlIpD6W5SdZsIhuF4$5wcVJwnF9IvIE/RiSu3obJXuUyjdfVL/ko+Y83ACpQY=', '2021-09-12 19:01:27', '1', '1', '1', '2020-12-05 02:32:28', 'iputten2p@chron.com', 'Ivie', 'Putten', 'iputten2p@google.co.uk');
insert into authentication_user (password, last_login, is_superuser, is_staff, is_active, date_joined, email, first_name, last_name, username) values ('pbkdf2_sha256$870000$g37U0AlIpD6W5SdZsIhuF4$5wcVJwnF9IvIE/RiSu3obJXuUyjdfVL/ko+Y83ACpQY=', '2021-07-01 04:24:04', '1', '1', '1', '2020-04-27 07:36:24', 'dchiechio2q@mail.ru', 'Dede', 'Chiechio', 'dchiechio2q@mapy.cz');
insert into authentication_user (password, last_login, is_superuser, is_staff, is_active, date_joined, email, first_name, last_name, username) values ('pbkdf2_sha256$870000$g37U0AlIpD6W5SdZsIhuF4$5wcVJwnF9IvIE/RiSu3obJXuUyjdfVL/ko+Y83ACpQY=', '2020-12-09 02:03:08', '0', '1', '0', '2020-09-21 05:56:35', 'vsheldon2r@parallels.com', 'Veronika', 'Sheldon', 'vsheldon2r@kickstarter.com');





insert into blog_category (id, name, last_updated) values (1, 'Zacharie', '2022-04-20 15:14:11');
insert into blog_category (id, name, last_updated) values (2, 'Kimmie', '2021-10-28 10:11:17');
insert into blog_category (id, name, last_updated) values (3, 'Aidan', '2020-03-05 09:55:23');
insert into blog_category (id, name, last_updated) values (4, 'Dael', '2020-04-07 17:12:19');
insert into blog_category (id, name, last_updated) values (5, 'Ibrahim', '2022-11-11 01:55:56');
insert into blog_category (id, name, last_updated) values (6, 'Xavier', '2021-09-19 09:32:26');
insert into blog_category (id, name, last_updated) values (7, 'Cristiano', '2020-06-22 05:52:55');
insert into blog_category (id, name, last_updated) values (8, 'Prentice', '2021-10-14 09:23:15');
insert into blog_category (id, name, last_updated) values (9, 'Brandon', '2021-10-11 19:12:57');
insert into blog_category (id, name, last_updated) values (10, 'Marylee', '2020-03-25 08:39:54');

insert into blog_post (id, title, slug, image, excerpt, content, published_date, status, author_id, category_id) values (1, 'Proin eu mi. Nulla ac enim. In tempor, turpis nec euismod scelerisque, quam turpis adipiscing lorem, vitae mattis nibh ligula nec sem.', 'sample_slug_content_1', 'posts/default.jpg', 'Pellentesque at nulla. Suspendisse potenti. Cras in purus eu magna vulputate luctus.

Cum sociis natoque penatibus et magnis dis parturient montes, nascetur ridiculus mus. Vivamus vestibulum sagittis sapien. Cum sociis natoque penatibus et magnis dis parturient montes, nascetur ridiculus mus.', 'Etiam vel augue. Vestibulum rutrum rutrum neque. Aenean auctor gravida sem.

Praesent id massa id nisl venenatis lacinia. Aenean sit amet justo. Morbi ut odio.

Cras mi pede, malesuada in, imperdiet et, commodo vulputate, justo. In blandit ultrices enim. Lorem ipsum dolor sit amet, consectetuer adipiscing elit.

Proin interdum mauris non ligula pellentesque ultrices. Phasellus id sapien in sapien iaculis congue. Vivamus metus arcu, adipiscing molestie, hendrerit at, vulputate vitae, nisl.', '2009-01-06 10:09:20', 'draft', 85, 4);
insert into blog_post (id, title, slug, image, excerpt, content, published_date, status, author_id, category_id) values (2, 'Praesent blandit. Nam nulla. Integer pede justo, lacinia eget, tincidunt eget, tempus vel, pede.', 'sample_slug_content_2', 'posts/default.jpg', 'Maecenas ut massa quis augue luctus tincidunt. Nulla mollis molestie lorem. Quisque ut erat.', 'Duis consequat dui nec nisi volutpat eleifend. Donec ut dolor. Morbi vel lectus in quam fringilla rhoncus.

Mauris enim leo, rhoncus sed, vestibulum sit amet, cursus id, turpis. Integer aliquet, massa id lobortis convallis, tortor risus dapibus augue, vel accumsan tellus nisi eu orci. Mauris lacinia sapien quis libero.

Nullam sit amet turpis elementum ligula vehicula consequat. Morbi a ipsum. Integer a nibh.

In quis justo. Maecenas rhoncus aliquam lacus. Morbi quis tortor id nulla ultrices aliquet.

Maecenas leo odio, condimentum id, luctus nec, molestie sed, justo. Pellentesque viverra pede ac diam. Cras pellentesque volutpat dui.', '2017-02-12 00:22:01', 'published', 38, 4);
insert into blog_post (id, title, slug, image, excerpt, content, published_date, status, author_id, category_id) values (3, 'Aliquam quis turpis eget elit sodales scelerisque. Mauris sit amet eros. Suspendisse accumsan tortor quis turpis.', 'sample_slug_content_3', 'posts/default.jpg', 'Phasellus in felis. Donec semper sapien a libero. Nam dui.

Proin leo odio, porttitor id, consequat in, consequat ut, nulla. Sed accumsan felis. Ut at dolor quis odio consequat varius.

Integer ac leo. Pellentesque ultrices mattis odio. Donec vitae nisi.', 'Morbi porttitor lorem id ligula. Suspendisse ornare consequat lectus. In est risus, auctor sed, tristique in, tempus sit amet, sem.

Fusce consequat. Nulla nisl. Nunc nisl.

Duis bibendum, felis sed interdum venenatis, turpis enim blandit mi, in porttitor pede justo eu massa. Donec dapibus. Duis at velit eu est congue elementum.

In hac habitasse platea dictumst. Morbi vestibulum, velit id pretium iaculis, diam erat fermentum justo, nec condimentum neque sapien placerat ante. Nulla justo.', '2006-06-03 20:05:04', 'draft', 58, 9);
insert into blog_post (id, title, slug, image, excerpt, content, published_date, status, author_id, category_id) values (4, 'Quisque id justo sit amet sapien dignissim vestibulum. Vestibulum ante ipsum primis in faucibus orci luctus et ultrices posuere cubilia Curae; Nulla dapibus dolor vel est. Donec odio justo, sollicitudin ut, suscipit a, feugiat et, eros.', 'sample_slug_content_4', 'posts/default.jpg', 'Phasellus sit amet erat. Nulla tempus. Vivamus in felis eu sapien cursus vestibulum.

Proin eu mi. Nulla ac enim. In tempor, turpis nec euismod scelerisque, quam turpis adipiscing lorem, vitae mattis nibh ligula nec sem.

Duis aliquam convallis nunc. Proin at turpis a pede posuere nonummy. Integer non velit.', 'Duis aliquam convallis nunc. Proin at turpis a pede posuere nonummy. Integer non velit.

Donec diam neque, vestibulum eget, vulputate ut, ultrices vel, augue. Vestibulum ante ipsum primis in faucibus orci luctus et ultrices posuere cubilia Curae; Donec pharetra, magna vestibulum aliquet ultrices, erat tortor sollicitudin mi, sit amet lobortis sapien sapien non mi. Integer ac neque.

Duis bibendum. Morbi non quam nec dui luctus rutrum. Nulla tellus.', '2017-10-11 01:51:35', 'draft', 91, 6);
insert into blog_post (id, title, slug, image, excerpt, content, published_date, status, author_id, category_id) values (5, 'Duis bibendum. Morbi non quam nec dui luctus rutrum. Nulla tellus.', 'sample_slug_content_5', 'posts/default.jpg', 'Etiam vel augue. Vestibulum rutrum rutrum neque. Aenean auctor gravida sem.', 'Duis bibendum. Morbi non quam nec dui luctus rutrum. Nulla tellus.

In sagittis dui vel nisl. Duis ac nibh. Fusce lacus purus, aliquet at, feugiat non, pretium quis, lectus.

Suspendisse potenti. In eleifend quam a odio. In hac habitasse platea dictumst.

Maecenas ut massa quis augue luctus tincidunt. Nulla mollis molestie lorem. Quisque ut erat.

Curabitur gravida nisi at nibh. In hac habitasse platea dictumst. Aliquam augue quam, sollicitudin vitae, consectetuer eget, rutrum at, lorem.', '2001-10-01 00:55:21', 'published', 3, 2);
insert into blog_post (id, title, slug, image, excerpt, content, published_date, status, author_id, category_id) values (6, 'Donec diam neque, vestibulum eget, vulputate ut, ultrices vel, augue. Vestibulum ante ipsum primis in faucibus orci luctus et ultrices posuere cubilia Curae; Donec pharetra, magna vestibulum aliquet ultrices, erat tortor sollicitudin mi, sit amet lobortis sapien sapien non mi. Integer ac neque.', 'sample_slug_content_6', 'posts/default.jpg', 'Maecenas ut massa quis augue luctus tincidunt. Nulla mollis molestie lorem. Quisque ut erat.

Curabitur gravida nisi at nibh. In hac habitasse platea dictumst. Aliquam augue quam, sollicitudin vitae, consectetuer eget, rutrum at, lorem.

Integer tincidunt ante vel ipsum. Praesent blandit lacinia erat. Vestibulum sed magna at nunc commodo placerat.', 'Integer tincidunt ante vel ipsum. Praesent blandit lacinia erat. Vestibulum sed magna at nunc commodo placerat.

Praesent blandit. Nam nulla. Integer pede justo, lacinia eget, tincidunt eget, tempus vel, pede.

Morbi porttitor lorem id ligula. Suspendisse ornare consequat lectus. In est risus, auctor sed, tristique in, tempus sit amet, sem.', '2020-10-24 04:29:48', 'published', 43, 6);
insert into blog_post (id, title, slug, image, excerpt, content, published_date, status, author_id, category_id) values (7, 'Proin leo odio, porttitor id, consequat in, consequat ut, nulla. Sed accumsan felis. Ut at dolor quis odio consequat varius.', 'sample_slug_content_7', 'posts/default.jpg', 'Nullam porttitor lacus at turpis. Donec posuere metus vitae ipsum. Aliquam non mauris.', 'Phasellus sit amet erat. Nulla tempus. Vivamus in felis eu sapien cursus vestibulum.

Proin eu mi. Nulla ac enim. In tempor, turpis nec euismod scelerisque, quam turpis adipiscing lorem, vitae mattis nibh ligula nec sem.

Duis aliquam convallis nunc. Proin at turpis a pede posuere nonummy. Integer non velit.

Donec diam neque, vestibulum eget, vulputate ut, ultrices vel, augue. Vestibulum ante ipsum primis in faucibus orci luctus et ultrices posuere cubilia Curae; Donec pharetra, magna vestibulum aliquet ultrices, erat tortor sollicitudin mi, sit amet lobortis sapien sapien non mi. Integer ac neque.', '2009-07-11 09:07:29', 'published', 82, 8);
insert into blog_post (id, title, slug, image, excerpt, content, published_date, status, author_id, category_id) values (8, 'In hac habitasse platea dictumst. Morbi vestibulum, velit id pretium iaculis, diam erat fermentum justo, nec condimentum neque sapien placerat ante. Nulla justo.', 'sample_slug_content_8', 'posts/default.jpg', 'In hac habitasse platea dictumst. Morbi vestibulum, velit id pretium iaculis, diam erat fermentum justo, nec condimentum neque sapien placerat ante. Nulla justo.', 'Fusce consequat. Nulla nisl. Nunc nisl.

Duis bibendum, felis sed interdum venenatis, turpis enim blandit mi, in porttitor pede justo eu massa. Donec dapibus. Duis at velit eu est congue elementum.

In hac habitasse platea dictumst. Morbi vestibulum, velit id pretium iaculis, diam erat fermentum justo, nec condimentum neque sapien placerat ante. Nulla justo.', '2020-10-09 21:13:22', 'draft', 94, 8);
insert into blog_post (id, title, slug, image, excerpt, content, published_date, status, author_id, category_id) values (9, 'Integer tincidunt ante vel ipsum. Praesent blandit lacinia erat. Vestibulum sed magna at nunc commodo placerat.', 'sample_slug_content_9', 'posts/default.jpg', 'Nullam porttitor lacus at turpis. Donec posuere metus vitae ipsum. Aliquam non mauris.

Morbi non lectus. Aliquam sit amet diam in magna bibendum imperdiet. Nullam orci pede, venenatis non, sodales sed, tincidunt eu, felis.', 'Suspendisse potenti. In eleifend quam a odio. In hac habitasse platea dictumst.

Maecenas ut massa quis augue luctus tincidunt. Nulla mollis molestie lorem. Quisque ut erat.

Curabitur gravida nisi at nibh. In hac habitasse platea dictumst. Aliquam augue quam, sollicitudin vitae, consectetuer eget, rutrum at, lorem.

Integer tincidunt ante vel ipsum. Praesent blandit lacinia erat. Vestibulum sed magna at nunc commodo placerat.

Praesent blandit. Nam nulla. Integer pede justo, lacinia eget, tincidunt eget, tempus vel, pede.', '2007-12-10 11:38:54', 'draft', 41, 7);
insert into blog_post (id, title, slug, image, excerpt, content, published_date, status, author_id, category_id) values (10, 'Fusce consequat. Nulla nisl. Nunc nisl.', 'sample_slug_content_10', 'posts/default.jpg', 'Curabitur gravida nisi at nibh. In hac habitasse platea dictumst. Aliquam augue quam, sollicitudin vitae, consectetuer eget, rutrum at, lorem.

Integer tincidunt ante vel ipsum. Praesent blandit lacinia erat. Vestibulum sed magna at nunc commodo placerat.', 'In congue. Etiam justo. Etiam pretium iaculis justo.

In hac habitasse platea dictumst. Etiam faucibus cursus urna. Ut tellus.

Nulla ut erat id mauris vulputate elementum. Nullam varius. Nulla facilisi.', '2003-04-17 22:12:19', 'draft', 36, 1);
insert into blog_post (id, title, slug, image, excerpt, content, published_date, status, author_id, category_id) values (11, 'Morbi porttitor lorem id ligula. Suspendisse ornare consequat lectus. In est risus, auctor sed, tristique in, tempus sit amet, sem.', 'sample_slug_content_11', 'posts/default.jpg', 'In hac habitasse platea dictumst. Etiam faucibus cursus urna. Ut tellus.', 'Quisque id justo sit amet sapien dignissim vestibulum. Vestibulum ante ipsum primis in faucibus orci luctus et ultrices posuere cubilia Curae; Nulla dapibus dolor vel est. Donec odio justo, sollicitudin ut, suscipit a, feugiat et, eros.

Vestibulum ac est lacinia nisi venenatis tristique. Fusce congue, diam id ornare imperdiet, sapien urna pretium nisl, ut volutpat sapien arcu sed augue. Aliquam erat volutpat.

In congue. Etiam justo. Etiam pretium iaculis justo.

In hac habitasse platea dictumst. Etiam faucibus cursus urna. Ut tellus.

Nulla ut erat id mauris vulputate elementum. Nullam varius. Nulla facilisi.

Cras non velit nec nisi vulputate nonummy. Maecenas tincidunt lacus at velit. Vivamus vel nulla eget eros elementum pellentesque.', '2019-05-23 14:56:06', 'draft', 21, 6);
insert into blog_post (id, title, slug, image, excerpt, content, published_date, status, author_id, category_id) values (12, 'Proin leo odio, porttitor id, consequat in, consequat ut, nulla. Sed accumsan felis. Ut at dolor quis odio consequat varius.', 'sample_slug_content_12', 'posts/default.jpg', 'Integer ac leo. Pellentesque ultrices mattis odio. Donec vitae nisi.', 'Fusce posuere felis sed lacus. Morbi sem mauris, laoreet ut, rhoncus aliquet, pulvinar sed, nisl. Nunc rhoncus dui vel sem.

Sed sagittis. Nam congue, risus semper porta volutpat, quam pede lobortis ligula, sit amet eleifend pede libero quis orci. Nullam molestie nibh in lectus.

Pellentesque at nulla. Suspendisse potenti. Cras in purus eu magna vulputate luctus.

Cum sociis natoque penatibus et magnis dis parturient montes, nascetur ridiculus mus. Vivamus vestibulum sagittis sapien. Cum sociis natoque penatibus et magnis dis parturient montes, nascetur ridiculus mus.

Etiam vel augue. Vestibulum rutrum rutrum neque. Aenean auctor gravida sem.

Praesent id massa id nisl venenatis lacinia. Aenean sit amet justo. Morbi ut odio.', '2018-06-30 21:31:49', 'draft', 11, 8);
insert into blog_post (id, title, slug, image, excerpt, content, published_date, status, author_id, category_id) values (13, 'Morbi porttitor lorem id ligula. Suspendisse ornare consequat lectus. In est risus, auctor sed, tristique in, tempus sit amet, sem.', 'sample_slug_content_13', 'posts/default.jpg', 'Praesent id massa id nisl venenatis lacinia. Aenean sit amet justo. Morbi ut odio.

Cras mi pede, malesuada in, imperdiet et, commodo vulputate, justo. In blandit ultrices enim. Lorem ipsum dolor sit amet, consectetuer adipiscing elit.

Proin interdum mauris non ligula pellentesque ultrices. Phasellus id sapien in sapien iaculis congue. Vivamus metus arcu, adipiscing molestie, hendrerit at, vulputate vitae, nisl.', 'Maecenas ut massa quis augue luctus tincidunt. Nulla mollis molestie lorem. Quisque ut erat.

Curabitur gravida nisi at nibh. In hac habitasse platea dictumst. Aliquam augue quam, sollicitudin vitae, consectetuer eget, rutrum at, lorem.

Integer tincidunt ante vel ipsum. Praesent blandit lacinia erat. Vestibulum sed magna at nunc commodo placerat.

Praesent blandit. Nam nulla. Integer pede justo, lacinia eget, tincidunt eget, tempus vel, pede.

Morbi porttitor lorem id ligula. Suspendisse ornare consequat lectus. In est risus, auctor sed, tristique in, tempus sit amet, sem.', '2002-07-09 18:10:02', 'draft', 90, 9);
insert into blog_post (id, title, slug, image, excerpt, content, published_date, status, author_id, category_id) values (14, 'Pellentesque at nulla. Suspendisse potenti. Cras in purus eu magna vulputate luctus.', 'sample_slug_content_14', 'posts/default.jpg', 'Phasellus sit amet erat. Nulla tempus. Vivamus in felis eu sapien cursus vestibulum.

Proin eu mi. Nulla ac enim. In tempor, turpis nec euismod scelerisque, quam turpis adipiscing lorem, vitae mattis nibh ligula nec sem.', 'Quisque id justo sit amet sapien dignissim vestibulum. Vestibulum ante ipsum primis in faucibus orci luctus et ultrices posuere cubilia Curae; Nulla dapibus dolor vel est. Donec odio justo, sollicitudin ut, suscipit a, feugiat et, eros.

Vestibulum ac est lacinia nisi venenatis tristique. Fusce congue, diam id ornare imperdiet, sapien urna pretium nisl, ut volutpat sapien arcu sed augue. Aliquam erat volutpat.

In congue. Etiam justo. Etiam pretium iaculis justo.', '2016-12-16 01:33:23', 'published', 86, 5);
insert into blog_post (id, title, slug, image, excerpt, content, published_date, status, author_id, category_id) values (15, 'Sed ante. Vivamus tortor. Duis mattis egestas metus.', 'sample_slug_content_15', 'posts/default.jpg', 'Nullam sit amet turpis elementum ligula vehicula consequat. Morbi a ipsum. Integer a nibh.

In quis justo. Maecenas rhoncus aliquam lacus. Morbi quis tortor id nulla ultrices aliquet.

Maecenas leo odio, condimentum id, luctus nec, molestie sed, justo. Pellentesque viverra pede ac diam. Cras pellentesque volutpat dui.', 'In hac habitasse platea dictumst. Etiam faucibus cursus urna. Ut tellus.

Nulla ut erat id mauris vulputate elementum. Nullam varius. Nulla facilisi.

Cras non velit nec nisi vulputate nonummy. Maecenas tincidunt lacus at velit. Vivamus vel nulla eget eros elementum pellentesque.', '2003-06-21 23:19:35', 'published', 4, 7);
insert into blog_post (id, title, slug, image, excerpt, content, published_date, status, author_id, category_id) values (16, 'Donec diam neque, vestibulum eget, vulputate ut, ultrices vel, augue. Vestibulum ante ipsum primis in faucibus orci luctus et ultrices posuere cubilia Curae; Donec pharetra, magna vestibulum aliquet ultrices, erat tortor sollicitudin mi, sit amet lobortis sapien sapien non mi. Integer ac neque.', 'sample_slug_content_16', 'posts/default.jpg', 'Duis consequat dui nec nisi volutpat eleifend. Donec ut dolor. Morbi vel lectus in quam fringilla rhoncus.

Mauris enim leo, rhoncus sed, vestibulum sit amet, cursus id, turpis. Integer aliquet, massa id lobortis convallis, tortor risus dapibus augue, vel accumsan tellus nisi eu orci. Mauris lacinia sapien quis libero.

Nullam sit amet turpis elementum ligula vehicula consequat. Morbi a ipsum. Integer a nibh.', 'In hac habitasse platea dictumst. Etiam faucibus cursus urna. Ut tellus.

Nulla ut erat id mauris vulputate elementum. Nullam varius. Nulla facilisi.

Cras non velit nec nisi vulputate nonummy. Maecenas tincidunt lacus at velit. Vivamus vel nulla eget eros elementum pellentesque.

Quisque porta volutpat erat. Quisque erat eros, viverra eget, congue eget, semper rutrum, nulla. Nunc purus.

Phasellus in felis. Donec semper sapien a libero. Nam dui.

Proin leo odio, porttitor id, consequat in, consequat ut, nulla. Sed accumsan felis. Ut at dolor quis odio consequat varius.', '2019-10-14 18:28:22', 'draft', 45, 9);
insert into blog_post (id, title, slug, image, excerpt, content, published_date, status, author_id, category_id) values (17, 'Integer ac leo. Pellentesque ultrices mattis odio. Donec vitae nisi.', 'sample_slug_content_17', 'posts/default.jpg', 'Pellentesque at nulla. Suspendisse potenti. Cras in purus eu magna vulputate luctus.

Cum sociis natoque penatibus et magnis dis parturient montes, nascetur ridiculus mus. Vivamus vestibulum sagittis sapien. Cum sociis natoque penatibus et magnis dis parturient montes, nascetur ridiculus mus.', 'Maecenas leo odio, condimentum id, luctus nec, molestie sed, justo. Pellentesque viverra pede ac diam. Cras pellentesque volutpat dui.

Maecenas tristique, est et tempus semper, est quam pharetra magna, ac consequat metus sapien ut nunc. Vestibulum ante ipsum primis in faucibus orci luctus et ultrices posuere cubilia Curae; Mauris viverra diam vitae quam. Suspendisse potenti.

Nullam porttitor lacus at turpis. Donec posuere metus vitae ipsum. Aliquam non mauris.

Morbi non lectus. Aliquam sit amet diam in magna bibendum imperdiet. Nullam orci pede, venenatis non, sodales sed, tincidunt eu, felis.

Fusce posuere felis sed lacus. Morbi sem mauris, laoreet ut, rhoncus aliquet, pulvinar sed, nisl. Nunc rhoncus dui vel sem.', '2016-09-05 17:50:47', 'draft', 97, 3);
insert into blog_post (id, title, slug, image, excerpt, content, published_date, status, author_id, category_id) values (18, 'Maecenas leo odio, condimentum id, luctus nec, molestie sed, justo. Pellentesque viverra pede ac diam. Cras pellentesque volutpat dui.', 'sample_slug_content_18', 'posts/default.jpg', 'Curabitur gravida nisi at nibh. In hac habitasse platea dictumst. Aliquam augue quam, sollicitudin vitae, consectetuer eget, rutrum at, lorem.', 'Duis bibendum. Morbi non quam nec dui luctus rutrum. Nulla tellus.

In sagittis dui vel nisl. Duis ac nibh. Fusce lacus purus, aliquet at, feugiat non, pretium quis, lectus.

Suspendisse potenti. In eleifend quam a odio. In hac habitasse platea dictumst.', '2007-12-21 15:40:25', 'draft', 54, 8);
insert into blog_post (id, title, slug, image, excerpt, content, published_date, status, author_id, category_id) values (19, 'Proin interdum mauris non ligula pellentesque ultrices. Phasellus id sapien in sapien iaculis congue. Vivamus metus arcu, adipiscing molestie, hendrerit at, vulputate vitae, nisl.', 'sample_slug_content_19', 'posts/default.jpg', 'Duis bibendum. Morbi non quam nec dui luctus rutrum. Nulla tellus.

In sagittis dui vel nisl. Duis ac nibh. Fusce lacus purus, aliquet at, feugiat non, pretium quis, lectus.', 'Aenean lectus. Pellentesque eget nunc. Donec quis orci eget orci vehicula condimentum.

Curabitur in libero ut massa volutpat convallis. Morbi odio odio, elementum eu, interdum eu, tincidunt in, leo. Maecenas pulvinar lobortis est.

Phasellus sit amet erat. Nulla tempus. Vivamus in felis eu sapien cursus vestibulum.

Proin eu mi. Nulla ac enim. In tempor, turpis nec euismod scelerisque, quam turpis adipiscing lorem, vitae mattis nibh ligula nec sem.

Duis aliquam convallis nunc. Proin at turpis a pede posuere nonummy. Integer non velit.', '2001-05-28 03:07:36', 'published', 68, 2);
insert into blog_post (id, title, slug, image, excerpt, content, published_date, status, author_id, category_id) values (20, 'Duis consequat dui nec nisi volutpat eleifend. Donec ut dolor. Morbi vel lectus in quam fringilla rhoncus.', 'sample_slug_content_20', 'posts/default.jpg', 'Proin eu mi. Nulla ac enim. In tempor, turpis nec euismod scelerisque, quam turpis adipiscing lorem, vitae mattis nibh ligula nec sem.

Duis aliquam convallis nunc. Proin at turpis a pede posuere nonummy. Integer non velit.', 'Fusce consequat. Nulla nisl. Nunc nisl.

Duis bibendum, felis sed interdum venenatis, turpis enim blandit mi, in porttitor pede justo eu massa. Donec dapibus. Duis at velit eu est congue elementum.

In hac habitasse platea dictumst. Morbi vestibulum, velit id pretium iaculis, diam erat fermentum justo, nec condimentum neque sapien placerat ante. Nulla justo.', '2000-03-14 00:58:57', 'published', 40, 3);
insert into blog_post (id, title, slug, image, excerpt, content, published_date, status, author_id, category_id) values (21, 'Curabitur in libero ut massa volutpat convallis. Morbi odio odio, elementum eu, interdum eu, tincidunt in, leo. Maecenas pulvinar lobortis est.', 'sample_slug_content_21', 'posts/default.jpg', 'Duis consequat dui nec nisi volutpat eleifend. Donec ut dolor. Morbi vel lectus in quam fringilla rhoncus.

Mauris enim leo, rhoncus sed, vestibulum sit amet, cursus id, turpis. Integer aliquet, massa id lobortis convallis, tortor risus dapibus augue, vel accumsan tellus nisi eu orci. Mauris lacinia sapien quis libero.', 'Duis aliquam convallis nunc. Proin at turpis a pede posuere nonummy. Integer non velit.

Donec diam neque, vestibulum eget, vulputate ut, ultrices vel, augue. Vestibulum ante ipsum primis in faucibus orci luctus et ultrices posuere cubilia Curae; Donec pharetra, magna vestibulum aliquet ultrices, erat tortor sollicitudin mi, sit amet lobortis sapien sapien non mi. Integer ac neque.

Duis bibendum. Morbi non quam nec dui luctus rutrum. Nulla tellus.

In sagittis dui vel nisl. Duis ac nibh. Fusce lacus purus, aliquet at, feugiat non, pretium quis, lectus.', '2000-02-02 19:14:47', 'published', 96, 9);
insert into blog_post (id, title, slug, image, excerpt, content, published_date, status, author_id, category_id) values (22, 'Phasellus in felis. Donec semper sapien a libero. Nam dui.', 'sample_slug_content_22', 'posts/default.jpg', 'Praesent id massa id nisl venenatis lacinia. Aenean sit amet justo. Morbi ut odio.', 'Mauris enim leo, rhoncus sed, vestibulum sit amet, cursus id, turpis. Integer aliquet, massa id lobortis convallis, tortor risus dapibus augue, vel accumsan tellus nisi eu orci. Mauris lacinia sapien quis libero.

Nullam sit amet turpis elementum ligula vehicula consequat. Morbi a ipsum. Integer a nibh.

In quis justo. Maecenas rhoncus aliquam lacus. Morbi quis tortor id nulla ultrices aliquet.

Maecenas leo odio, condimentum id, luctus nec, molestie sed, justo. Pellentesque viverra pede ac diam. Cras pellentesque volutpat dui.

Maecenas tristique, est et tempus semper, est quam pharetra magna, ac consequat metus sapien ut nunc. Vestibulum ante ipsum primis in faucibus orci luctus et ultrices posuere cubilia Curae; Mauris viverra diam vitae quam. Suspendisse potenti.', '2009-11-03 07:28:27', 'draft', 39, 6);
insert into blog_post (id, title, slug, image, excerpt, content, published_date, status, author_id, category_id) values (23, 'Donec diam neque, vestibulum eget, vulputate ut, ultrices vel, augue. Vestibulum ante ipsum primis in faucibus orci luctus et ultrices posuere cubilia Curae; Donec pharetra, magna vestibulum aliquet ultrices, erat tortor sollicitudin mi, sit amet lobortis sapien sapien non mi. Integer ac neque.', 'sample_slug_content_23', 'posts/default.jpg', 'Phasellus sit amet erat. Nulla tempus. Vivamus in felis eu sapien cursus vestibulum.

Proin eu mi. Nulla ac enim. In tempor, turpis nec euismod scelerisque, quam turpis adipiscing lorem, vitae mattis nibh ligula nec sem.

Duis aliquam convallis nunc. Proin at turpis a pede posuere nonummy. Integer non velit.', 'In sagittis dui vel nisl. Duis ac nibh. Fusce lacus purus, aliquet at, feugiat non, pretium quis, lectus.

Suspendisse potenti. In eleifend quam a odio. In hac habitasse platea dictumst.

Maecenas ut massa quis augue luctus tincidunt. Nulla mollis molestie lorem. Quisque ut erat.

Curabitur gravida nisi at nibh. In hac habitasse platea dictumst. Aliquam augue quam, sollicitudin vitae, consectetuer eget, rutrum at, lorem.

Integer tincidunt ante vel ipsum. Praesent blandit lacinia erat. Vestibulum sed magna at nunc commodo placerat.

Praesent blandit. Nam nulla. Integer pede justo, lacinia eget, tincidunt eget, tempus vel, pede.', '2016-02-16 01:31:22', 'draft', 66, 9);
insert into blog_post (id, title, slug, image, excerpt, content, published_date, status, author_id, category_id) values (24, 'Proin leo odio, porttitor id, consequat in, consequat ut, nulla. Sed accumsan felis. Ut at dolor quis odio consequat varius.', 'sample_slug_content_24', 'posts/default.jpg', 'Quisque id justo sit amet sapien dignissim vestibulum. Vestibulum ante ipsum primis in faucibus orci luctus et ultrices posuere cubilia Curae; Nulla dapibus dolor vel est. Donec odio justo, sollicitudin ut, suscipit a, feugiat et, eros.

Vestibulum ac est lacinia nisi venenatis tristique. Fusce congue, diam id ornare imperdiet, sapien urna pretium nisl, ut volutpat sapien arcu sed augue. Aliquam erat volutpat.', 'Morbi non lectus. Aliquam sit amet diam in magna bibendum imperdiet. Nullam orci pede, venenatis non, sodales sed, tincidunt eu, felis.

Fusce posuere felis sed lacus. Morbi sem mauris, laoreet ut, rhoncus aliquet, pulvinar sed, nisl. Nunc rhoncus dui vel sem.

Sed sagittis. Nam congue, risus semper porta volutpat, quam pede lobortis ligula, sit amet eleifend pede libero quis orci. Nullam molestie nibh in lectus.

Pellentesque at nulla. Suspendisse potenti. Cras in purus eu magna vulputate luctus.

Cum sociis natoque penatibus et magnis dis parturient montes, nascetur ridiculus mus. Vivamus vestibulum sagittis sapien. Cum sociis natoque penatibus et magnis dis parturient montes, nascetur ridiculus mus.', '2000-08-01 10:25:11', 'published', 94, 2);
insert into blog_post (id, title, slug, image, excerpt, content, published_date, status, author_id, category_id) values (25, 'Curabitur in libero ut massa volutpat convallis. Morbi odio odio, elementum eu, interdum eu, tincidunt in, leo. Maecenas pulvinar lobortis est.', 'sample_slug_content_25', 'posts/default.jpg', 'Phasellus in felis. Donec semper sapien a libero. Nam dui.', 'Pellentesque at nulla. Suspendisse potenti. Cras in purus eu magna vulputate luctus.

Cum sociis natoque penatibus et magnis dis parturient montes, nascetur ridiculus mus. Vivamus vestibulum sagittis sapien. Cum sociis natoque penatibus et magnis dis parturient montes, nascetur ridiculus mus.

Etiam vel augue. Vestibulum rutrum rutrum neque. Aenean auctor gravida sem.', '2000-04-14 01:27:21', 'draft', 16, 6);
insert into blog_post (id, title, slug, image, excerpt, content, published_date, status, author_id, category_id) values (26, 'Proin interdum mauris non ligula pellentesque ultrices. Phasellus id sapien in sapien iaculis congue. Vivamus metus arcu, adipiscing molestie, hendrerit at, vulputate vitae, nisl.', 'sample_slug_content_26', 'posts/default.jpg', 'In hac habitasse platea dictumst. Morbi vestibulum, velit id pretium iaculis, diam erat fermentum justo, nec condimentum neque sapien placerat ante. Nulla justo.

Aliquam quis turpis eget elit sodales scelerisque. Mauris sit amet eros. Suspendisse accumsan tortor quis turpis.

Sed ante. Vivamus tortor. Duis mattis egestas metus.', 'Donec diam neque, vestibulum eget, vulputate ut, ultrices vel, augue. Vestibulum ante ipsum primis in faucibus orci luctus et ultrices posuere cubilia Curae; Donec pharetra, magna vestibulum aliquet ultrices, erat tortor sollicitudin mi, sit amet lobortis sapien sapien non mi. Integer ac neque.

Duis bibendum. Morbi non quam nec dui luctus rutrum. Nulla tellus.

In sagittis dui vel nisl. Duis ac nibh. Fusce lacus purus, aliquet at, feugiat non, pretium quis, lectus.

Suspendisse potenti. In eleifend quam a odio. In hac habitasse platea dictumst.', '2003-10-25 01:20:49', 'published', 71, 1);
insert into blog_post (id, title, slug, image, excerpt, content, published_date, status, author_id, category_id) values (27, 'Cras non velit nec nisi vulputate nonummy. Maecenas tincidunt lacus at velit. Vivamus vel nulla eget eros elementum pellentesque.', 'sample_slug_content_27', 'posts/default.jpg', 'Duis consequat dui nec nisi volutpat eleifend. Donec ut dolor. Morbi vel lectus in quam fringilla rhoncus.

Mauris enim leo, rhoncus sed, vestibulum sit amet, cursus id, turpis. Integer aliquet, massa id lobortis convallis, tortor risus dapibus augue, vel accumsan tellus nisi eu orci. Mauris lacinia sapien quis libero.

Nullam sit amet turpis elementum ligula vehicula consequat. Morbi a ipsum. Integer a nibh.', 'Duis bibendum, felis sed interdum venenatis, turpis enim blandit mi, in porttitor pede justo eu massa. Donec dapibus. Duis at velit eu est congue elementum.

In hac habitasse platea dictumst. Morbi vestibulum, velit id pretium iaculis, diam erat fermentum justo, nec condimentum neque sapien placerat ante. Nulla justo.

Aliquam quis turpis eget elit sodales scelerisque. Mauris sit amet eros. Suspendisse accumsan tortor quis turpis.', '2021-02-02 10:57:47', 'published', 12, 4);
insert into blog_post (id, title, slug, image, excerpt, content, published_date, status, author_id, category_id) values (28, 'Praesent id massa id nisl venenatis lacinia. Aenean sit amet justo. Morbi ut odio.', 'sample_slug_content_28', 'posts/default.jpg', 'Morbi non lectus. Aliquam sit amet diam in magna bibendum imperdiet. Nullam orci pede, venenatis non, sodales sed, tincidunt eu, felis.

Fusce posuere felis sed lacus. Morbi sem mauris, laoreet ut, rhoncus aliquet, pulvinar sed, nisl. Nunc rhoncus dui vel sem.

Sed sagittis. Nam congue, risus semper porta volutpat, quam pede lobortis ligula, sit amet eleifend pede libero quis orci. Nullam molestie nibh in lectus.', 'Praesent id massa id nisl venenatis lacinia. Aenean sit amet justo. Morbi ut odio.

Cras mi pede, malesuada in, imperdiet et, commodo vulputate, justo. In blandit ultrices enim. Lorem ipsum dolor sit amet, consectetuer adipiscing elit.

Proin interdum mauris non ligula pellentesque ultrices. Phasellus id sapien in sapien iaculis congue. Vivamus metus arcu, adipiscing molestie, hendrerit at, vulputate vitae, nisl.', '2002-04-17 11:11:28', 'published', 66, 3);
insert into blog_post (id, title, slug, image, excerpt, content, published_date, status, author_id, category_id) values (29, 'Aliquam quis turpis eget elit sodales scelerisque. Mauris sit amet eros. Suspendisse accumsan tortor quis turpis.', 'sample_slug_content_29', 'posts/default.jpg', 'In hac habitasse platea dictumst. Etiam faucibus cursus urna. Ut tellus.

Nulla ut erat id mauris vulputate elementum. Nullam varius. Nulla facilisi.', 'Duis aliquam convallis nunc. Proin at turpis a pede posuere nonummy. Integer non velit.

Donec diam neque, vestibulum eget, vulputate ut, ultrices vel, augue. Vestibulum ante ipsum primis in faucibus orci luctus et ultrices posuere cubilia Curae; Donec pharetra, magna vestibulum aliquet ultrices, erat tortor sollicitudin mi, sit amet lobortis sapien sapien non mi. Integer ac neque.

Duis bibendum. Morbi non quam nec dui luctus rutrum. Nulla tellus.', '2018-12-08 04:44:19', 'published', 29, 4);
insert into blog_post (id, title, slug, image, excerpt, content, published_date, status, author_id, category_id) values (30, 'In congue. Etiam justo. Etiam pretium iaculis justo.', 'sample_slug_content_30', 'posts/default.jpg', 'Sed ante. Vivamus tortor. Duis mattis egestas metus.

Aenean fermentum. Donec ut mauris eget massa tempor convallis. Nulla neque libero, convallis eget, eleifend luctus, ultricies eu, nibh.', 'Cum sociis natoque penatibus et magnis dis parturient montes, nascetur ridiculus mus. Vivamus vestibulum sagittis sapien. Cum sociis natoque penatibus et magnis dis parturient montes, nascetur ridiculus mus.

Etiam vel augue. Vestibulum rutrum rutrum neque. Aenean auctor gravida sem.

Praesent id massa id nisl venenatis lacinia. Aenean sit amet justo. Morbi ut odio.

Cras mi pede, malesuada in, imperdiet et, commodo vulputate, justo. In blandit ultrices enim. Lorem ipsum dolor sit amet, consectetuer adipiscing elit.

Proin interdum mauris non ligula pellentesque ultrices. Phasellus id sapien in sapien iaculis congue. Vivamus metus arcu, adipiscing molestie, hendrerit at, vulputate vitae, nisl.

Aenean lectus. Pellentesque eget nunc. Donec quis orci eget orci vehicula condimentum.', '2009-01-03 22:34:33', 'draft', 17, 1);
insert into blog_post (id, title, slug, image, excerpt, content, published_date, status, author_id, category_id) values (31, 'Sed ante. Vivamus tortor. Duis mattis egestas metus.', 'sample_slug_content_31', 'posts/default.jpg', 'Quisque id justo sit amet sapien dignissim vestibulum. Vestibulum ante ipsum primis in faucibus orci luctus et ultrices posuere cubilia Curae; Nulla dapibus dolor vel est. Donec odio justo, sollicitudin ut, suscipit a, feugiat et, eros.', 'Lorem ipsum dolor sit amet, consectetuer adipiscing elit. Proin risus. Praesent lectus.

Vestibulum quam sapien, varius ut, blandit non, interdum in, ante. Vestibulum ante ipsum primis in faucibus orci luctus et ultrices posuere cubilia Curae; Duis faucibus accumsan odio. Curabitur convallis.

Duis consequat dui nec nisi volutpat eleifend. Donec ut dolor. Morbi vel lectus in quam fringilla rhoncus.

Mauris enim leo, rhoncus sed, vestibulum sit amet, cursus id, turpis. Integer aliquet, massa id lobortis convallis, tortor risus dapibus augue, vel accumsan tellus nisi eu orci. Mauris lacinia sapien quis libero.', '2017-09-13 19:03:41', 'draft', 18, 3);
insert into blog_post (id, title, slug, image, excerpt, content, published_date, status, author_id, category_id) values (32, 'Duis aliquam convallis nunc. Proin at turpis a pede posuere nonummy. Integer non velit.', 'sample_slug_content_32', 'posts/default.jpg', 'Donec diam neque, vestibulum eget, vulputate ut, ultrices vel, augue. Vestibulum ante ipsum primis in faucibus orci luctus et ultrices posuere cubilia Curae; Donec pharetra, magna vestibulum aliquet ultrices, erat tortor sollicitudin mi, sit amet lobortis sapien sapien non mi. Integer ac neque.', 'Morbi porttitor lorem id ligula. Suspendisse ornare consequat lectus. In est risus, auctor sed, tristique in, tempus sit amet, sem.

Fusce consequat. Nulla nisl. Nunc nisl.

Duis bibendum, felis sed interdum venenatis, turpis enim blandit mi, in porttitor pede justo eu massa. Donec dapibus. Duis at velit eu est congue elementum.

In hac habitasse platea dictumst. Morbi vestibulum, velit id pretium iaculis, diam erat fermentum justo, nec condimentum neque sapien placerat ante. Nulla justo.

Aliquam quis turpis eget elit sodales scelerisque. Mauris sit amet eros. Suspendisse accumsan tortor quis turpis.

Sed ante. Vivamus tortor. Duis mattis egestas metus.', '2021-07-07 13:37:29', 'draft', 53, 5);
insert into blog_post (id, title, slug, image, excerpt, content, published_date, status, author_id, category_id) values (33, 'In congue. Etiam justo. Etiam pretium iaculis justo.', 'sample_slug_content_33', 'posts/default.jpg', 'Vestibulum quam sapien, varius ut, blandit non, interdum in, ante. Vestibulum ante ipsum primis in faucibus orci luctus et ultrices posuere cubilia Curae; Duis faucibus accumsan odio. Curabitur convallis.', 'Duis aliquam convallis nunc. Proin at turpis a pede posuere nonummy. Integer non velit.

Donec diam neque, vestibulum eget, vulputate ut, ultrices vel, augue. Vestibulum ante ipsum primis in faucibus orci luctus et ultrices posuere cubilia Curae; Donec pharetra, magna vestibulum aliquet ultrices, erat tortor sollicitudin mi, sit amet lobortis sapien sapien non mi. Integer ac neque.

Duis bibendum. Morbi non quam nec dui luctus rutrum. Nulla tellus.', '2019-10-11 16:28:57', 'published', 61, 4);
insert into blog_post (id, title, slug, image, excerpt, content, published_date, status, author_id, category_id) values (34, 'Aenean fermentum. Donec ut mauris eget massa tempor convallis. Nulla neque libero, convallis eget, eleifend luctus, ultricies eu, nibh.', 'sample_slug_content_34', 'posts/default.jpg', 'Praesent id massa id nisl venenatis lacinia. Aenean sit amet justo. Morbi ut odio.', 'Integer tincidunt ante vel ipsum. Praesent blandit lacinia erat. Vestibulum sed magna at nunc commodo placerat.

Praesent blandit. Nam nulla. Integer pede justo, lacinia eget, tincidunt eget, tempus vel, pede.

Morbi porttitor lorem id ligula. Suspendisse ornare consequat lectus. In est risus, auctor sed, tristique in, tempus sit amet, sem.

Fusce consequat. Nulla nisl. Nunc nisl.

Duis bibendum, felis sed interdum venenatis, turpis enim blandit mi, in porttitor pede justo eu massa. Donec dapibus. Duis at velit eu est congue elementum.', '2009-10-09 14:19:43', 'draft', 49, 4);
insert into blog_post (id, title, slug, image, excerpt, content, published_date, status, author_id, category_id) values (35, 'Phasellus in felis. Donec semper sapien a libero. Nam dui.', 'sample_slug_content_35', 'posts/default.jpg', 'Curabitur in libero ut massa volutpat convallis. Morbi odio odio, elementum eu, interdum eu, tincidunt in, leo. Maecenas pulvinar lobortis est.', 'Duis consequat dui nec nisi volutpat eleifend. Donec ut dolor. Morbi vel lectus in quam fringilla rhoncus.

Mauris enim leo, rhoncus sed, vestibulum sit amet, cursus id, turpis. Integer aliquet, massa id lobortis convallis, tortor risus dapibus augue, vel accumsan tellus nisi eu orci. Mauris lacinia sapien quis libero.

Nullam sit amet turpis elementum ligula vehicula consequat. Morbi a ipsum. Integer a nibh.

In quis justo. Maecenas rhoncus aliquam lacus. Morbi quis tortor id nulla ultrices aliquet.', '2011-07-22 08:54:25', 'published', 80, 3);
insert into blog_post (id, title, slug, image, excerpt, content, published_date, status, author_id, category_id) values (36, 'Nam ultrices, libero non mattis pulvinar, nulla pede ullamcorper augue, a suscipit nulla elit ac nulla. Sed vel enim sit amet nunc viverra dapibus. Nulla suscipit ligula in lacus.', 'sample_slug_content_36', 'posts/default.jpg', 'Vestibulum ac est lacinia nisi venenatis tristique. Fusce congue, diam id ornare imperdiet, sapien urna pretium nisl, ut volutpat sapien arcu sed augue. Aliquam erat volutpat.

In congue. Etiam justo. Etiam pretium iaculis justo.', 'Morbi porttitor lorem id ligula. Suspendisse ornare consequat lectus. In est risus, auctor sed, tristique in, tempus sit amet, sem.

Fusce consequat. Nulla nisl. Nunc nisl.

Duis bibendum, felis sed interdum venenatis, turpis enim blandit mi, in porttitor pede justo eu massa. Donec dapibus. Duis at velit eu est congue elementum.

In hac habitasse platea dictumst. Morbi vestibulum, velit id pretium iaculis, diam erat fermentum justo, nec condimentum neque sapien placerat ante. Nulla justo.

Aliquam quis turpis eget elit sodales scelerisque. Mauris sit amet eros. Suspendisse accumsan tortor quis turpis.

Sed ante. Vivamus tortor. Duis mattis egestas metus.', '2015-12-01 02:59:51', 'published', 87, 7);
insert into blog_post (id, title, slug, image, excerpt, content, published_date, status, author_id, category_id) values (37, 'In hac habitasse platea dictumst. Etiam faucibus cursus urna. Ut tellus.', 'sample_slug_content_37', 'posts/default.jpg', 'Donec diam neque, vestibulum eget, vulputate ut, ultrices vel, augue. Vestibulum ante ipsum primis in faucibus orci luctus et ultrices posuere cubilia Curae; Donec pharetra, magna vestibulum aliquet ultrices, erat tortor sollicitudin mi, sit amet lobortis sapien sapien non mi. Integer ac neque.

Duis bibendum. Morbi non quam nec dui luctus rutrum. Nulla tellus.', 'Fusce consequat. Nulla nisl. Nunc nisl.

Duis bibendum, felis sed interdum venenatis, turpis enim blandit mi, in porttitor pede justo eu massa. Donec dapibus. Duis at velit eu est congue elementum.

In hac habitasse platea dictumst. Morbi vestibulum, velit id pretium iaculis, diam erat fermentum justo, nec condimentum neque sapien placerat ante. Nulla justo.

Aliquam quis turpis eget elit sodales scelerisque. Mauris sit amet eros. Suspendisse accumsan tortor quis turpis.

Sed ante. Vivamus tortor. Duis mattis egestas metus.', '2021-01-25 05:37:22', 'draft', 12, 1);
insert into blog_post (id, title, slug, image, excerpt, content, published_date, status, author_id, category_id) values (38, 'Proin leo odio, porttitor id, consequat in, consequat ut, nulla. Sed accumsan felis. Ut at dolor quis odio consequat varius.', 'sample_slug_content_38', 'posts/default.jpg', 'Lorem ipsum dolor sit amet, consectetuer adipiscing elit. Proin risus. Praesent lectus.

Vestibulum quam sapien, varius ut, blandit non, interdum in, ante. Vestibulum ante ipsum primis in faucibus orci luctus et ultrices posuere cubilia Curae; Duis faucibus accumsan odio. Curabitur convallis.

Duis consequat dui nec nisi volutpat eleifend. Donec ut dolor. Morbi vel lectus in quam fringilla rhoncus.', 'Praesent id massa id nisl venenatis lacinia. Aenean sit amet justo. Morbi ut odio.

Cras mi pede, malesuada in, imperdiet et, commodo vulputate, justo. In blandit ultrices enim. Lorem ipsum dolor sit amet, consectetuer adipiscing elit.

Proin interdum mauris non ligula pellentesque ultrices. Phasellus id sapien in sapien iaculis congue. Vivamus metus arcu, adipiscing molestie, hendrerit at, vulputate vitae, nisl.

Aenean lectus. Pellentesque eget nunc. Donec quis orci eget orci vehicula condimentum.

Curabitur in libero ut massa volutpat convallis. Morbi odio odio, elementum eu, interdum eu, tincidunt in, leo. Maecenas pulvinar lobortis est.', '2008-11-28 06:17:42', 'draft', 2, 9);
insert into blog_post (id, title, slug, image, excerpt, content, published_date, status, author_id, category_id) values (39, 'Curabitur in libero ut massa volutpat convallis. Morbi odio odio, elementum eu, interdum eu, tincidunt in, leo. Maecenas pulvinar lobortis est.', 'sample_slug_content_39', 'posts/default.jpg', 'Praesent id massa id nisl venenatis lacinia. Aenean sit amet justo. Morbi ut odio.

Cras mi pede, malesuada in, imperdiet et, commodo vulputate, justo. In blandit ultrices enim. Lorem ipsum dolor sit amet, consectetuer adipiscing elit.', 'Maecenas leo odio, condimentum id, luctus nec, molestie sed, justo. Pellentesque viverra pede ac diam. Cras pellentesque volutpat dui.

Maecenas tristique, est et tempus semper, est quam pharetra magna, ac consequat metus sapien ut nunc. Vestibulum ante ipsum primis in faucibus orci luctus et ultrices posuere cubilia Curae; Mauris viverra diam vitae quam. Suspendisse potenti.

Nullam porttitor lacus at turpis. Donec posuere metus vitae ipsum. Aliquam non mauris.', '2022-11-06 22:04:52', 'published', 61, 7);
insert into blog_post (id, title, slug, image, excerpt, content, published_date, status, author_id, category_id) values (40, 'In hac habitasse platea dictumst. Etiam faucibus cursus urna. Ut tellus.', 'sample_slug_content_40', 'posts/default.jpg', 'Aenean lectus. Pellentesque eget nunc. Donec quis orci eget orci vehicula condimentum.', 'In sagittis dui vel nisl. Duis ac nibh. Fusce lacus purus, aliquet at, feugiat non, pretium quis, lectus.

Suspendisse potenti. In eleifend quam a odio. In hac habitasse platea dictumst.

Maecenas ut massa quis augue luctus tincidunt. Nulla mollis molestie lorem. Quisque ut erat.', '2003-04-07 07:25:47', 'draft', 27, 1);
insert into blog_post (id, title, slug, image, excerpt, content, published_date, status, author_id, category_id) values (41, 'Vestibulum quam sapien, varius ut, blandit non, interdum in, ante. Vestibulum ante ipsum primis in faucibus orci luctus et ultrices posuere cubilia Curae; Duis faucibus accumsan odio. Curabitur convallis.', 'sample_slug_content_41', 'posts/default.jpg', 'Fusce consequat. Nulla nisl. Nunc nisl.', 'Praesent id massa id nisl venenatis lacinia. Aenean sit amet justo. Morbi ut odio.

Cras mi pede, malesuada in, imperdiet et, commodo vulputate, justo. In blandit ultrices enim. Lorem ipsum dolor sit amet, consectetuer adipiscing elit.

Proin interdum mauris non ligula pellentesque ultrices. Phasellus id sapien in sapien iaculis congue. Vivamus metus arcu, adipiscing molestie, hendrerit at, vulputate vitae, nisl.', '2016-07-27 03:15:23', 'published', 90, 1);
insert into blog_post (id, title, slug, image, excerpt, content, published_date, status, author_id, category_id) values (42, 'Quisque porta volutpat erat. Quisque erat eros, viverra eget, congue eget, semper rutrum, nulla. Nunc purus.', 'sample_slug_content_42', 'posts/default.jpg', 'Vestibulum ac est lacinia nisi venenatis tristique. Fusce congue, diam id ornare imperdiet, sapien urna pretium nisl, ut volutpat sapien arcu sed augue. Aliquam erat volutpat.

In congue. Etiam justo. Etiam pretium iaculis justo.

In hac habitasse platea dictumst. Etiam faucibus cursus urna. Ut tellus.', 'Duis bibendum. Morbi non quam nec dui luctus rutrum. Nulla tellus.

In sagittis dui vel nisl. Duis ac nibh. Fusce lacus purus, aliquet at, feugiat non, pretium quis, lectus.

Suspendisse potenti. In eleifend quam a odio. In hac habitasse platea dictumst.

Maecenas ut massa quis augue luctus tincidunt. Nulla mollis molestie lorem. Quisque ut erat.

Curabitur gravida nisi at nibh. In hac habitasse platea dictumst. Aliquam augue quam, sollicitudin vitae, consectetuer eget, rutrum at, lorem.

Integer tincidunt ante vel ipsum. Praesent blandit lacinia erat. Vestibulum sed magna at nunc commodo placerat.', '2017-01-23 09:27:04', 'draft', 54, 1);
insert into blog_post (id, title, slug, image, excerpt, content, published_date, status, author_id, category_id) values (43, 'Fusce consequat. Nulla nisl. Nunc nisl.', 'sample_slug_content_43', 'posts/default.jpg', 'Vestibulum ac est lacinia nisi venenatis tristique. Fusce congue, diam id ornare imperdiet, sapien urna pretium nisl, ut volutpat sapien arcu sed augue. Aliquam erat volutpat.

In congue. Etiam justo. Etiam pretium iaculis justo.

In hac habitasse platea dictumst. Etiam faucibus cursus urna. Ut tellus.', 'Morbi non lectus. Aliquam sit amet diam in magna bibendum imperdiet. Nullam orci pede, venenatis non, sodales sed, tincidunt eu, felis.

Fusce posuere felis sed lacus. Morbi sem mauris, laoreet ut, rhoncus aliquet, pulvinar sed, nisl. Nunc rhoncus dui vel sem.

Sed sagittis. Nam congue, risus semper porta volutpat, quam pede lobortis ligula, sit amet eleifend pede libero quis orci. Nullam molestie nibh in lectus.

Pellentesque at nulla. Suspendisse potenti. Cras in purus eu magna vulputate luctus.

Cum sociis natoque penatibus et magnis dis parturient montes, nascetur ridiculus mus. Vivamus vestibulum sagittis sapien. Cum sociis natoque penatibus et magnis dis parturient montes, nascetur ridiculus mus.

Etiam vel augue. Vestibulum rutrum rutrum neque. Aenean auctor gravida sem.', '2014-12-22 05:45:45', 'draft', 6, 5);
insert into blog_post (id, title, slug, image, excerpt, content, published_date, status, author_id, category_id) values (44, 'Mauris enim leo, rhoncus sed, vestibulum sit amet, cursus id, turpis. Integer aliquet, massa id lobortis convallis, tortor risus dapibus augue, vel accumsan tellus nisi eu orci. Mauris lacinia sapien quis libero.', 'sample_slug_content_44', 'posts/default.jpg', 'Vestibulum ac est lacinia nisi venenatis tristique. Fusce congue, diam id ornare imperdiet, sapien urna pretium nisl, ut volutpat sapien arcu sed augue. Aliquam erat volutpat.

In congue. Etiam justo. Etiam pretium iaculis justo.', 'Sed sagittis. Nam congue, risus semper porta volutpat, quam pede lobortis ligula, sit amet eleifend pede libero quis orci. Nullam molestie nibh in lectus.

Pellentesque at nulla. Suspendisse potenti. Cras in purus eu magna vulputate luctus.

Cum sociis natoque penatibus et magnis dis parturient montes, nascetur ridiculus mus. Vivamus vestibulum sagittis sapien. Cum sociis natoque penatibus et magnis dis parturient montes, nascetur ridiculus mus.

Etiam vel augue. Vestibulum rutrum rutrum neque. Aenean auctor gravida sem.', '2007-09-17 22:38:36', 'draft', 79, 1);
insert into blog_post (id, title, slug, image, excerpt, content, published_date, status, author_id, category_id) values (45, 'Lorem ipsum dolor sit amet, consectetuer adipiscing elit. Proin risus. Praesent lectus.', 'sample_slug_content_45', 'posts/default.jpg', 'Proin eu mi. Nulla ac enim. In tempor, turpis nec euismod scelerisque, quam turpis adipiscing lorem, vitae mattis nibh ligula nec sem.

Duis aliquam convallis nunc. Proin at turpis a pede posuere nonummy. Integer non velit.

Donec diam neque, vestibulum eget, vulputate ut, ultrices vel, augue. Vestibulum ante ipsum primis in faucibus orci luctus et ultrices posuere cubilia Curae; Donec pharetra, magna vestibulum aliquet ultrices, erat tortor sollicitudin mi, sit amet lobortis sapien sapien non mi. Integer ac neque.', 'Pellentesque at nulla. Suspendisse potenti. Cras in purus eu magna vulputate luctus.

Cum sociis natoque penatibus et magnis dis parturient montes, nascetur ridiculus mus. Vivamus vestibulum sagittis sapien. Cum sociis natoque penatibus et magnis dis parturient montes, nascetur ridiculus mus.

Etiam vel augue. Vestibulum rutrum rutrum neque. Aenean auctor gravida sem.

Praesent id massa id nisl venenatis lacinia. Aenean sit amet justo. Morbi ut odio.

Cras mi pede, malesuada in, imperdiet et, commodo vulputate, justo. In blandit ultrices enim. Lorem ipsum dolor sit amet, consectetuer adipiscing elit.', '2019-07-03 01:25:50', 'published', 72, 2);
insert into blog_post (id, title, slug, image, excerpt, content, published_date, status, author_id, category_id) values (46, 'Aenean lectus. Pellentesque eget nunc. Donec quis orci eget orci vehicula condimentum.', 'sample_slug_content_46', 'posts/default.jpg', 'Duis consequat dui nec nisi volutpat eleifend. Donec ut dolor. Morbi vel lectus in quam fringilla rhoncus.

Mauris enim leo, rhoncus sed, vestibulum sit amet, cursus id, turpis. Integer aliquet, massa id lobortis convallis, tortor risus dapibus augue, vel accumsan tellus nisi eu orci. Mauris lacinia sapien quis libero.

Nullam sit amet turpis elementum ligula vehicula consequat. Morbi a ipsum. Integer a nibh.', 'Suspendisse potenti. In eleifend quam a odio. In hac habitasse platea dictumst.

Maecenas ut massa quis augue luctus tincidunt. Nulla mollis molestie lorem. Quisque ut erat.

Curabitur gravida nisi at nibh. In hac habitasse platea dictumst. Aliquam augue quam, sollicitudin vitae, consectetuer eget, rutrum at, lorem.

Integer tincidunt ante vel ipsum. Praesent blandit lacinia erat. Vestibulum sed magna at nunc commodo placerat.

Praesent blandit. Nam nulla. Integer pede justo, lacinia eget, tincidunt eget, tempus vel, pede.', '2009-01-23 04:24:01', 'draft', 19, 6);
insert into blog_post (id, title, slug, image, excerpt, content, published_date, status, author_id, category_id) values (47, 'Sed ante. Vivamus tortor. Duis mattis egestas metus.', 'sample_slug_content_47', 'posts/default.jpg', 'Duis consequat dui nec nisi volutpat eleifend. Donec ut dolor. Morbi vel lectus in quam fringilla rhoncus.

Mauris enim leo, rhoncus sed, vestibulum sit amet, cursus id, turpis. Integer aliquet, massa id lobortis convallis, tortor risus dapibus augue, vel accumsan tellus nisi eu orci. Mauris lacinia sapien quis libero.', 'Proin eu mi. Nulla ac enim. In tempor, turpis nec euismod scelerisque, quam turpis adipiscing lorem, vitae mattis nibh ligula nec sem.

Duis aliquam convallis nunc. Proin at turpis a pede posuere nonummy. Integer non velit.

Donec diam neque, vestibulum eget, vulputate ut, ultrices vel, augue. Vestibulum ante ipsum primis in faucibus orci luctus et ultrices posuere cubilia Curae; Donec pharetra, magna vestibulum aliquet ultrices, erat tortor sollicitudin mi, sit amet lobortis sapien sapien non mi. Integer ac neque.

Duis bibendum. Morbi non quam nec dui luctus rutrum. Nulla tellus.

In sagittis dui vel nisl. Duis ac nibh. Fusce lacus purus, aliquet at, feugiat non, pretium quis, lectus.

Suspendisse potenti. In eleifend quam a odio. In hac habitasse platea dictumst.', '2000-01-09 00:10:05', 'published', 69, 1);
insert into blog_post (id, title, slug, image, excerpt, content, published_date, status, author_id, category_id) values (48, 'Duis aliquam convallis nunc. Proin at turpis a pede posuere nonummy. Integer non velit.', 'sample_slug_content_48', 'posts/default.jpg', 'Phasellus in felis. Donec semper sapien a libero. Nam dui.

Proin leo odio, porttitor id, consequat in, consequat ut, nulla. Sed accumsan felis. Ut at dolor quis odio consequat varius.', 'In hac habitasse platea dictumst. Etiam faucibus cursus urna. Ut tellus.

Nulla ut erat id mauris vulputate elementum. Nullam varius. Nulla facilisi.

Cras non velit nec nisi vulputate nonummy. Maecenas tincidunt lacus at velit. Vivamus vel nulla eget eros elementum pellentesque.

Quisque porta volutpat erat. Quisque erat eros, viverra eget, congue eget, semper rutrum, nulla. Nunc purus.', '2003-09-07 12:48:48', 'draft', 27, 5);
insert into blog_post (id, title, slug, image, excerpt, content, published_date, status, author_id, category_id) values (49, 'Aenean lectus. Pellentesque eget nunc. Donec quis orci eget orci vehicula condimentum.', 'sample_slug_content_49', 'posts/default.jpg', 'Nam ultrices, libero non mattis pulvinar, nulla pede ullamcorper augue, a suscipit nulla elit ac nulla. Sed vel enim sit amet nunc viverra dapibus. Nulla suscipit ligula in lacus.', 'Nullam sit amet turpis elementum ligula vehicula consequat. Morbi a ipsum. Integer a nibh.

In quis justo. Maecenas rhoncus aliquam lacus. Morbi quis tortor id nulla ultrices aliquet.

Maecenas leo odio, condimentum id, luctus nec, molestie sed, justo. Pellentesque viverra pede ac diam. Cras pellentesque volutpat dui.

Maecenas tristique, est et tempus semper, est quam pharetra magna, ac consequat metus sapien ut nunc. Vestibulum ante ipsum primis in faucibus orci luctus et ultrices posuere cubilia Curae; Mauris viverra diam vitae quam. Suspendisse potenti.

Nullam porttitor lacus at turpis. Donec posuere metus vitae ipsum. Aliquam non mauris.

Morbi non lectus. Aliquam sit amet diam in magna bibendum imperdiet. Nullam orci pede, venenatis non, sodales sed, tincidunt eu, felis.', '2019-10-29 23:24:06', 'draft', 36, 1);
insert into blog_post (id, title, slug, image, excerpt, content, published_date, status, author_id, category_id) values (50, 'Duis bibendum. Morbi non quam nec dui luctus rutrum. Nulla tellus.', 'sample_slug_content_50', 'posts/default.jpg', 'In hac habitasse platea dictumst. Morbi vestibulum, velit id pretium iaculis, diam erat fermentum justo, nec condimentum neque sapien placerat ante. Nulla justo.

Aliquam quis turpis eget elit sodales scelerisque. Mauris sit amet eros. Suspendisse accumsan tortor quis turpis.

Sed ante. Vivamus tortor. Duis mattis egestas metus.', 'Aenean fermentum. Donec ut mauris eget massa tempor convallis. Nulla neque libero, convallis eget, eleifend luctus, ultricies eu, nibh.

Quisque id justo sit amet sapien dignissim vestibulum. Vestibulum ante ipsum primis in faucibus orci luctus et ultrices posuere cubilia Curae; Nulla dapibus dolor vel est. Donec odio justo, sollicitudin ut, suscipit a, feugiat et, eros.

Vestibulum ac est lacinia nisi venenatis tristique. Fusce congue, diam id ornare imperdiet, sapien urna pretium nisl, ut volutpat sapien arcu sed augue. Aliquam erat volutpat.', '2006-06-11 19:57:49', 'draft', 64, 6);
insert into blog_post (id, title, slug, image, excerpt, content, published_date, status, author_id, category_id) values (51, 'Duis consequat dui nec nisi volutpat eleifend. Donec ut dolor. Morbi vel lectus in quam fringilla rhoncus.', 'sample_slug_content_51', 'posts/default.jpg', 'Curabitur gravida nisi at nibh. In hac habitasse platea dictumst. Aliquam augue quam, sollicitudin vitae, consectetuer eget, rutrum at, lorem.

Integer tincidunt ante vel ipsum. Praesent blandit lacinia erat. Vestibulum sed magna at nunc commodo placerat.', 'Etiam vel augue. Vestibulum rutrum rutrum neque. Aenean auctor gravida sem.

Praesent id massa id nisl venenatis lacinia. Aenean sit amet justo. Morbi ut odio.

Cras mi pede, malesuada in, imperdiet et, commodo vulputate, justo. In blandit ultrices enim. Lorem ipsum dolor sit amet, consectetuer adipiscing elit.', '2006-11-05 09:35:54', 'published', 32, 9);
insert into blog_post (id, title, slug, image, excerpt, content, published_date, status, author_id, category_id) values (52, 'Vestibulum ac est lacinia nisi venenatis tristique. Fusce congue, diam id ornare imperdiet, sapien urna pretium nisl, ut volutpat sapien arcu sed augue. Aliquam erat volutpat.', 'sample_slug_content_52', 'posts/default.jpg', 'Fusce consequat. Nulla nisl. Nunc nisl.', 'Aenean lectus. Pellentesque eget nunc. Donec quis orci eget orci vehicula condimentum.

Curabitur in libero ut massa volutpat convallis. Morbi odio odio, elementum eu, interdum eu, tincidunt in, leo. Maecenas pulvinar lobortis est.

Phasellus sit amet erat. Nulla tempus. Vivamus in felis eu sapien cursus vestibulum.

Proin eu mi. Nulla ac enim. In tempor, turpis nec euismod scelerisque, quam turpis adipiscing lorem, vitae mattis nibh ligula nec sem.

Duis aliquam convallis nunc. Proin at turpis a pede posuere nonummy. Integer non velit.', '2002-06-26 05:19:44', 'draft', 28, 9);
insert into blog_post (id, title, slug, image, excerpt, content, published_date, status, author_id, category_id) values (53, 'Aenean fermentum. Donec ut mauris eget massa tempor convallis. Nulla neque libero, convallis eget, eleifend luctus, ultricies eu, nibh.', 'sample_slug_content_53', 'posts/default.jpg', 'Phasellus in felis. Donec semper sapien a libero. Nam dui.', 'Nullam porttitor lacus at turpis. Donec posuere metus vitae ipsum. Aliquam non mauris.

Morbi non lectus. Aliquam sit amet diam in magna bibendum imperdiet. Nullam orci pede, venenatis non, sodales sed, tincidunt eu, felis.

Fusce posuere felis sed lacus. Morbi sem mauris, laoreet ut, rhoncus aliquet, pulvinar sed, nisl. Nunc rhoncus dui vel sem.

Sed sagittis. Nam congue, risus semper porta volutpat, quam pede lobortis ligula, sit amet eleifend pede libero quis orci. Nullam molestie nibh in lectus.

Pellentesque at nulla. Suspendisse potenti. Cras in purus eu magna vulputate luctus.

Cum sociis natoque penatibus et magnis dis parturient montes, nascetur ridiculus mus. Vivamus vestibulum sagittis sapien. Cum sociis natoque penatibus et magnis dis parturient montes, nascetur ridiculus mus.', '2020-10-23 04:45:45', 'draft', 3, 1);
insert into blog_post (id, title, slug, image, excerpt, content, published_date, status, author_id, category_id) values (54, 'Curabitur at ipsum ac tellus semper interdum. Mauris ullamcorper purus sit amet nulla. Quisque arcu libero, rutrum ac, lobortis vel, dapibus at, diam.', 'sample_slug_content_54', 'posts/default.jpg', 'Nam ultrices, libero non mattis pulvinar, nulla pede ullamcorper augue, a suscipit nulla elit ac nulla. Sed vel enim sit amet nunc viverra dapibus. Nulla suscipit ligula in lacus.

Curabitur at ipsum ac tellus semper interdum. Mauris ullamcorper purus sit amet nulla. Quisque arcu libero, rutrum ac, lobortis vel, dapibus at, diam.', 'Duis aliquam convallis nunc. Proin at turpis a pede posuere nonummy. Integer non velit.

Donec diam neque, vestibulum eget, vulputate ut, ultrices vel, augue. Vestibulum ante ipsum primis in faucibus orci luctus et ultrices posuere cubilia Curae; Donec pharetra, magna vestibulum aliquet ultrices, erat tortor sollicitudin mi, sit amet lobortis sapien sapien non mi. Integer ac neque.

Duis bibendum. Morbi non quam nec dui luctus rutrum. Nulla tellus.

In sagittis dui vel nisl. Duis ac nibh. Fusce lacus purus, aliquet at, feugiat non, pretium quis, lectus.

Suspendisse potenti. In eleifend quam a odio. In hac habitasse platea dictumst.', '2001-05-22 09:53:57', 'draft', 17, 2);
insert into blog_post (id, title, slug, image, excerpt, content, published_date, status, author_id, category_id) values (55, 'Morbi porttitor lorem id ligula. Suspendisse ornare consequat lectus. In est risus, auctor sed, tristique in, tempus sit amet, sem.', 'sample_slug_content_55', 'posts/default.jpg', 'In quis justo. Maecenas rhoncus aliquam lacus. Morbi quis tortor id nulla ultrices aliquet.

Maecenas leo odio, condimentum id, luctus nec, molestie sed, justo. Pellentesque viverra pede ac diam. Cras pellentesque volutpat dui.

Maecenas tristique, est et tempus semper, est quam pharetra magna, ac consequat metus sapien ut nunc. Vestibulum ante ipsum primis in faucibus orci luctus et ultrices posuere cubilia Curae; Mauris viverra diam vitae quam. Suspendisse potenti.', 'Vestibulum quam sapien, varius ut, blandit non, interdum in, ante. Vestibulum ante ipsum primis in faucibus orci luctus et ultrices posuere cubilia Curae; Duis faucibus accumsan odio. Curabitur convallis.

Duis consequat dui nec nisi volutpat eleifend. Donec ut dolor. Morbi vel lectus in quam fringilla rhoncus.

Mauris enim leo, rhoncus sed, vestibulum sit amet, cursus id, turpis. Integer aliquet, massa id lobortis convallis, tortor risus dapibus augue, vel accumsan tellus nisi eu orci. Mauris lacinia sapien quis libero.

Nullam sit amet turpis elementum ligula vehicula consequat. Morbi a ipsum. Integer a nibh.

In quis justo. Maecenas rhoncus aliquam lacus. Morbi quis tortor id nulla ultrices aliquet.', '2012-05-23 00:21:10', 'draft', 85, 5);
insert into blog_post (id, title, slug, image, excerpt, content, published_date, status, author_id, category_id) values (56, 'Integer ac leo. Pellentesque ultrices mattis odio. Donec vitae nisi.', 'sample_slug_content_56', 'posts/default.jpg', 'Pellentesque at nulla. Suspendisse potenti. Cras in purus eu magna vulputate luctus.

Cum sociis natoque penatibus et magnis dis parturient montes, nascetur ridiculus mus. Vivamus vestibulum sagittis sapien. Cum sociis natoque penatibus et magnis dis parturient montes, nascetur ridiculus mus.

Etiam vel augue. Vestibulum rutrum rutrum neque. Aenean auctor gravida sem.', 'Nullam porttitor lacus at turpis. Donec posuere metus vitae ipsum. Aliquam non mauris.

Morbi non lectus. Aliquam sit amet diam in magna bibendum imperdiet. Nullam orci pede, venenatis non, sodales sed, tincidunt eu, felis.

Fusce posuere felis sed lacus. Morbi sem mauris, laoreet ut, rhoncus aliquet, pulvinar sed, nisl. Nunc rhoncus dui vel sem.

Sed sagittis. Nam congue, risus semper porta volutpat, quam pede lobortis ligula, sit amet eleifend pede libero quis orci. Nullam molestie nibh in lectus.', '2011-01-31 22:07:22', 'published', 52, 9);
insert into blog_post (id, title, slug, image, excerpt, content, published_date, status, author_id, category_id) values (57, 'Quisque porta volutpat erat. Quisque erat eros, viverra eget, congue eget, semper rutrum, nulla. Nunc purus.', 'sample_slug_content_57', 'posts/default.jpg', 'Proin eu mi. Nulla ac enim. In tempor, turpis nec euismod scelerisque, quam turpis adipiscing lorem, vitae mattis nibh ligula nec sem.

Duis aliquam convallis nunc. Proin at turpis a pede posuere nonummy. Integer non velit.

Donec diam neque, vestibulum eget, vulputate ut, ultrices vel, augue. Vestibulum ante ipsum primis in faucibus orci luctus et ultrices posuere cubilia Curae; Donec pharetra, magna vestibulum aliquet ultrices, erat tortor sollicitudin mi, sit amet lobortis sapien sapien non mi. Integer ac neque.', 'Duis bibendum, felis sed interdum venenatis, turpis enim blandit mi, in porttitor pede justo eu massa. Donec dapibus. Duis at velit eu est congue elementum.

In hac habitasse platea dictumst. Morbi vestibulum, velit id pretium iaculis, diam erat fermentum justo, nec condimentum neque sapien placerat ante. Nulla justo.

Aliquam quis turpis eget elit sodales scelerisque. Mauris sit amet eros. Suspendisse accumsan tortor quis turpis.

Sed ante. Vivamus tortor. Duis mattis egestas metus.

Aenean fermentum. Donec ut mauris eget massa tempor convallis. Nulla neque libero, convallis eget, eleifend luctus, ultricies eu, nibh.', '2012-07-02 01:32:01', 'published', 74, 7);
insert into blog_post (id, title, slug, image, excerpt, content, published_date, status, author_id, category_id) values (58, 'Mauris enim leo, rhoncus sed, vestibulum sit amet, cursus id, turpis. Integer aliquet, massa id lobortis convallis, tortor risus dapibus augue, vel accumsan tellus nisi eu orci. Mauris lacinia sapien quis libero.', 'sample_slug_content_58', 'posts/default.jpg', 'Lorem ipsum dolor sit amet, consectetuer adipiscing elit. Proin risus. Praesent lectus.

Vestibulum quam sapien, varius ut, blandit non, interdum in, ante. Vestibulum ante ipsum primis in faucibus orci luctus et ultrices posuere cubilia Curae; Duis faucibus accumsan odio. Curabitur convallis.

Duis consequat dui nec nisi volutpat eleifend. Donec ut dolor. Morbi vel lectus in quam fringilla rhoncus.', 'Fusce consequat. Nulla nisl. Nunc nisl.

Duis bibendum, felis sed interdum venenatis, turpis enim blandit mi, in porttitor pede justo eu massa. Donec dapibus. Duis at velit eu est congue elementum.

In hac habitasse platea dictumst. Morbi vestibulum, velit id pretium iaculis, diam erat fermentum justo, nec condimentum neque sapien placerat ante. Nulla justo.

Aliquam quis turpis eget elit sodales scelerisque. Mauris sit amet eros. Suspendisse accumsan tortor quis turpis.

Sed ante. Vivamus tortor. Duis mattis egestas metus.', '2009-07-28 02:54:35', 'published', 50, 8);
insert into blog_post (id, title, slug, image, excerpt, content, published_date, status, author_id, category_id) values (59, 'Sed ante. Vivamus tortor. Duis mattis egestas metus.', 'sample_slug_content_59', 'posts/default.jpg', 'Suspendisse potenti. In eleifend quam a odio. In hac habitasse platea dictumst.', 'Sed ante. Vivamus tortor. Duis mattis egestas metus.

Aenean fermentum. Donec ut mauris eget massa tempor convallis. Nulla neque libero, convallis eget, eleifend luctus, ultricies eu, nibh.

Quisque id justo sit amet sapien dignissim vestibulum. Vestibulum ante ipsum primis in faucibus orci luctus et ultrices posuere cubilia Curae; Nulla dapibus dolor vel est. Donec odio justo, sollicitudin ut, suscipit a, feugiat et, eros.', '2012-06-14 17:41:38', 'published', 92, 6);
insert into blog_post (id, title, slug, image, excerpt, content, published_date, status, author_id, category_id) values (60, 'Fusce posuere felis sed lacus. Morbi sem mauris, laoreet ut, rhoncus aliquet, pulvinar sed, nisl. Nunc rhoncus dui vel sem.', 'sample_slug_content_60', 'posts/default.jpg', 'Nullam porttitor lacus at turpis. Donec posuere metus vitae ipsum. Aliquam non mauris.', 'Proin interdum mauris non ligula pellentesque ultrices. Phasellus id sapien in sapien iaculis congue. Vivamus metus arcu, adipiscing molestie, hendrerit at, vulputate vitae, nisl.

Aenean lectus. Pellentesque eget nunc. Donec quis orci eget orci vehicula condimentum.

Curabitur in libero ut massa volutpat convallis. Morbi odio odio, elementum eu, interdum eu, tincidunt in, leo. Maecenas pulvinar lobortis est.', '2017-10-19 07:53:29', 'published', 11, 9);
insert into blog_post (id, title, slug, image, excerpt, content, published_date, status, author_id, category_id) values (61, 'In congue. Etiam justo. Etiam pretium iaculis justo.', 'sample_slug_content_61', 'posts/default.jpg', 'Morbi porttitor lorem id ligula. Suspendisse ornare consequat lectus. In est risus, auctor sed, tristique in, tempus sit amet, sem.

Fusce consequat. Nulla nisl. Nunc nisl.', 'Praesent blandit. Nam nulla. Integer pede justo, lacinia eget, tincidunt eget, tempus vel, pede.

Morbi porttitor lorem id ligula. Suspendisse ornare consequat lectus. In est risus, auctor sed, tristique in, tempus sit amet, sem.

Fusce consequat. Nulla nisl. Nunc nisl.

Duis bibendum, felis sed interdum venenatis, turpis enim blandit mi, in porttitor pede justo eu massa. Donec dapibus. Duis at velit eu est congue elementum.

In hac habitasse platea dictumst. Morbi vestibulum, velit id pretium iaculis, diam erat fermentum justo, nec condimentum neque sapien placerat ante. Nulla justo.

Aliquam quis turpis eget elit sodales scelerisque. Mauris sit amet eros. Suspendisse accumsan tortor quis turpis.', '2012-08-30 09:33:00', 'published', 4, 2);
insert into blog_post (id, title, slug, image, excerpt, content, published_date, status, author_id, category_id) values (62, 'Morbi non lectus. Aliquam sit amet diam in magna bibendum imperdiet. Nullam orci pede, venenatis non, sodales sed, tincidunt eu, felis.', 'sample_slug_content_62', 'posts/default.jpg', 'Lorem ipsum dolor sit amet, consectetuer adipiscing elit. Proin risus. Praesent lectus.

Vestibulum quam sapien, varius ut, blandit non, interdum in, ante. Vestibulum ante ipsum primis in faucibus orci luctus et ultrices posuere cubilia Curae; Duis faucibus accumsan odio. Curabitur convallis.

Duis consequat dui nec nisi volutpat eleifend. Donec ut dolor. Morbi vel lectus in quam fringilla rhoncus.', 'Phasellus sit amet erat. Nulla tempus. Vivamus in felis eu sapien cursus vestibulum.

Proin eu mi. Nulla ac enim. In tempor, turpis nec euismod scelerisque, quam turpis adipiscing lorem, vitae mattis nibh ligula nec sem.

Duis aliquam convallis nunc. Proin at turpis a pede posuere nonummy. Integer non velit.', '2021-12-29 23:26:38', 'draft', 98, 1);
insert into blog_post (id, title, slug, image, excerpt, content, published_date, status, author_id, category_id) values (63, 'Phasellus in felis. Donec semper sapien a libero. Nam dui.', 'sample_slug_content_63', 'posts/default.jpg', 'Pellentesque at nulla. Suspendisse potenti. Cras in purus eu magna vulputate luctus.

Cum sociis natoque penatibus et magnis dis parturient montes, nascetur ridiculus mus. Vivamus vestibulum sagittis sapien. Cum sociis natoque penatibus et magnis dis parturient montes, nascetur ridiculus mus.', 'Duis aliquam convallis nunc. Proin at turpis a pede posuere nonummy. Integer non velit.

Donec diam neque, vestibulum eget, vulputate ut, ultrices vel, augue. Vestibulum ante ipsum primis in faucibus orci luctus et ultrices posuere cubilia Curae; Donec pharetra, magna vestibulum aliquet ultrices, erat tortor sollicitudin mi, sit amet lobortis sapien sapien non mi. Integer ac neque.

Duis bibendum. Morbi non quam nec dui luctus rutrum. Nulla tellus.', '2007-07-15 19:01:47', 'draft', 48, 3);
insert into blog_post (id, title, slug, image, excerpt, content, published_date, status, author_id, category_id) values (64, 'Praesent blandit. Nam nulla. Integer pede justo, lacinia eget, tincidunt eget, tempus vel, pede.', 'sample_slug_content_64', 'posts/default.jpg', 'Integer tincidunt ante vel ipsum. Praesent blandit lacinia erat. Vestibulum sed magna at nunc commodo placerat.

Praesent blandit. Nam nulla. Integer pede justo, lacinia eget, tincidunt eget, tempus vel, pede.

Morbi porttitor lorem id ligula. Suspendisse ornare consequat lectus. In est risus, auctor sed, tristique in, tempus sit amet, sem.', 'Proin leo odio, porttitor id, consequat in, consequat ut, nulla. Sed accumsan felis. Ut at dolor quis odio consequat varius.

Integer ac leo. Pellentesque ultrices mattis odio. Donec vitae nisi.

Nam ultrices, libero non mattis pulvinar, nulla pede ullamcorper augue, a suscipit nulla elit ac nulla. Sed vel enim sit amet nunc viverra dapibus. Nulla suscipit ligula in lacus.', '2017-09-15 06:50:49', 'draft', 95, 7);
insert into blog_post (id, title, slug, image, excerpt, content, published_date, status, author_id, category_id) values (65, 'Nullam porttitor lacus at turpis. Donec posuere metus vitae ipsum. Aliquam non mauris.', 'sample_slug_content_65', 'posts/default.jpg', 'In hac habitasse platea dictumst. Etiam faucibus cursus urna. Ut tellus.

Nulla ut erat id mauris vulputate elementum. Nullam varius. Nulla facilisi.', 'Aliquam quis turpis eget elit sodales scelerisque. Mauris sit amet eros. Suspendisse accumsan tortor quis turpis.

Sed ante. Vivamus tortor. Duis mattis egestas metus.

Aenean fermentum. Donec ut mauris eget massa tempor convallis. Nulla neque libero, convallis eget, eleifend luctus, ultricies eu, nibh.', '2003-08-24 20:12:36', 'published', 45, 7);
insert into blog_post (id, title, slug, image, excerpt, content, published_date, status, author_id, category_id) values (66, 'Quisque id justo sit amet sapien dignissim vestibulum. Vestibulum ante ipsum primis in faucibus orci luctus et ultrices posuere cubilia Curae; Nulla dapibus dolor vel est. Donec odio justo, sollicitudin ut, suscipit a, feugiat et, eros.', 'sample_slug_content_66', 'posts/default.jpg', 'Morbi non lectus. Aliquam sit amet diam in magna bibendum imperdiet. Nullam orci pede, venenatis non, sodales sed, tincidunt eu, felis.', 'Cras mi pede, malesuada in, imperdiet et, commodo vulputate, justo. In blandit ultrices enim. Lorem ipsum dolor sit amet, consectetuer adipiscing elit.

Proin interdum mauris non ligula pellentesque ultrices. Phasellus id sapien in sapien iaculis congue. Vivamus metus arcu, adipiscing molestie, hendrerit at, vulputate vitae, nisl.

Aenean lectus. Pellentesque eget nunc. Donec quis orci eget orci vehicula condimentum.

Curabitur in libero ut massa volutpat convallis. Morbi odio odio, elementum eu, interdum eu, tincidunt in, leo. Maecenas pulvinar lobortis est.

Phasellus sit amet erat. Nulla tempus. Vivamus in felis eu sapien cursus vestibulum.', '2015-06-28 10:32:16', 'published', 31, 7);
insert into blog_post (id, title, slug, image, excerpt, content, published_date, status, author_id, category_id) values (67, 'Praesent blandit. Nam nulla. Integer pede justo, lacinia eget, tincidunt eget, tempus vel, pede.', 'sample_slug_content_67', 'posts/default.jpg', 'Nullam porttitor lacus at turpis. Donec posuere metus vitae ipsum. Aliquam non mauris.

Morbi non lectus. Aliquam sit amet diam in magna bibendum imperdiet. Nullam orci pede, venenatis non, sodales sed, tincidunt eu, felis.

Fusce posuere felis sed lacus. Morbi sem mauris, laoreet ut, rhoncus aliquet, pulvinar sed, nisl. Nunc rhoncus dui vel sem.', 'Maecenas ut massa quis augue luctus tincidunt. Nulla mollis molestie lorem. Quisque ut erat.

Curabitur gravida nisi at nibh. In hac habitasse platea dictumst. Aliquam augue quam, sollicitudin vitae, consectetuer eget, rutrum at, lorem.

Integer tincidunt ante vel ipsum. Praesent blandit lacinia erat. Vestibulum sed magna at nunc commodo placerat.

Praesent blandit. Nam nulla. Integer pede justo, lacinia eget, tincidunt eget, tempus vel, pede.

Morbi porttitor lorem id ligula. Suspendisse ornare consequat lectus. In est risus, auctor sed, tristique in, tempus sit amet, sem.

Fusce consequat. Nulla nisl. Nunc nisl.', '2004-09-07 23:09:36', 'published', 41, 6);
insert into blog_post (id, title, slug, image, excerpt, content, published_date, status, author_id, category_id) values (68, 'Fusce consequat. Nulla nisl. Nunc nisl.', 'sample_slug_content_68', 'posts/default.jpg', 'Nam ultrices, libero non mattis pulvinar, nulla pede ullamcorper augue, a suscipit nulla elit ac nulla. Sed vel enim sit amet nunc viverra dapibus. Nulla suscipit ligula in lacus.

Curabitur at ipsum ac tellus semper interdum. Mauris ullamcorper purus sit amet nulla. Quisque arcu libero, rutrum ac, lobortis vel, dapibus at, diam.', 'Duis bibendum, felis sed interdum venenatis, turpis enim blandit mi, in porttitor pede justo eu massa. Donec dapibus. Duis at velit eu est congue elementum.

In hac habitasse platea dictumst. Morbi vestibulum, velit id pretium iaculis, diam erat fermentum justo, nec condimentum neque sapien placerat ante. Nulla justo.

Aliquam quis turpis eget elit sodales scelerisque. Mauris sit amet eros. Suspendisse accumsan tortor quis turpis.

Sed ante. Vivamus tortor. Duis mattis egestas metus.', '2006-05-11 14:20:30', 'draft', 89, 1);
insert into blog_post (id, title, slug, image, excerpt, content, published_date, status, author_id, category_id) values (69, 'Vestibulum quam sapien, varius ut, blandit non, interdum in, ante. Vestibulum ante ipsum primis in faucibus orci luctus et ultrices posuere cubilia Curae; Duis faucibus accumsan odio. Curabitur convallis.', 'sample_slug_content_69', 'posts/default.jpg', 'Quisque id justo sit amet sapien dignissim vestibulum. Vestibulum ante ipsum primis in faucibus orci luctus et ultrices posuere cubilia Curae; Nulla dapibus dolor vel est. Donec odio justo, sollicitudin ut, suscipit a, feugiat et, eros.

Vestibulum ac est lacinia nisi venenatis tristique. Fusce congue, diam id ornare imperdiet, sapien urna pretium nisl, ut volutpat sapien arcu sed augue. Aliquam erat volutpat.', 'Maecenas tristique, est et tempus semper, est quam pharetra magna, ac consequat metus sapien ut nunc. Vestibulum ante ipsum primis in faucibus orci luctus et ultrices posuere cubilia Curae; Mauris viverra diam vitae quam. Suspendisse potenti.

Nullam porttitor lacus at turpis. Donec posuere metus vitae ipsum. Aliquam non mauris.

Morbi non lectus. Aliquam sit amet diam in magna bibendum imperdiet. Nullam orci pede, venenatis non, sodales sed, tincidunt eu, felis.', '2015-11-26 10:17:09', 'published', 26, 8);
insert into blog_post (id, title, slug, image, excerpt, content, published_date, status, author_id, category_id) values (70, 'Phasellus in felis. Donec semper sapien a libero. Nam dui.', 'sample_slug_content_70', 'posts/default.jpg', 'Etiam vel augue. Vestibulum rutrum rutrum neque. Aenean auctor gravida sem.

Praesent id massa id nisl venenatis lacinia. Aenean sit amet justo. Morbi ut odio.', 'Sed ante. Vivamus tortor. Duis mattis egestas metus.

Aenean fermentum. Donec ut mauris eget massa tempor convallis. Nulla neque libero, convallis eget, eleifend luctus, ultricies eu, nibh.

Quisque id justo sit amet sapien dignissim vestibulum. Vestibulum ante ipsum primis in faucibus orci luctus et ultrices posuere cubilia Curae; Nulla dapibus dolor vel est. Donec odio justo, sollicitudin ut, suscipit a, feugiat et, eros.

Vestibulum ac est lacinia nisi venenatis tristique. Fusce congue, diam id ornare imperdiet, sapien urna pretium nisl, ut volutpat sapien arcu sed augue. Aliquam erat volutpat.

In congue. Etiam justo. Etiam pretium iaculis justo.

In hac habitasse platea dictumst. Etiam faucibus cursus urna. Ut tellus.', '2013-10-29 12:29:19', 'published', 49, 5);
insert into blog_post (id, title, slug, image, excerpt, content, published_date, status, author_id, category_id) values (71, 'Curabitur at ipsum ac tellus semper interdum. Mauris ullamcorper purus sit amet nulla. Quisque arcu libero, rutrum ac, lobortis vel, dapibus at, diam.', 'sample_slug_content_71', 'posts/default.jpg', 'Curabitur gravida nisi at nibh. In hac habitasse platea dictumst. Aliquam augue quam, sollicitudin vitae, consectetuer eget, rutrum at, lorem.

Integer tincidunt ante vel ipsum. Praesent blandit lacinia erat. Vestibulum sed magna at nunc commodo placerat.', 'Cum sociis natoque penatibus et magnis dis parturient montes, nascetur ridiculus mus. Vivamus vestibulum sagittis sapien. Cum sociis natoque penatibus et magnis dis parturient montes, nascetur ridiculus mus.

Etiam vel augue. Vestibulum rutrum rutrum neque. Aenean auctor gravida sem.

Praesent id massa id nisl venenatis lacinia. Aenean sit amet justo. Morbi ut odio.', '2015-11-16 09:19:46', 'draft', 100, 7);
insert into blog_post (id, title, slug, image, excerpt, content, published_date, status, author_id, category_id) values (72, 'In quis justo. Maecenas rhoncus aliquam lacus. Morbi quis tortor id nulla ultrices aliquet.', 'sample_slug_content_72', 'posts/default.jpg', 'Cras non velit nec nisi vulputate nonummy. Maecenas tincidunt lacus at velit. Vivamus vel nulla eget eros elementum pellentesque.

Quisque porta volutpat erat. Quisque erat eros, viverra eget, congue eget, semper rutrum, nulla. Nunc purus.

Phasellus in felis. Donec semper sapien a libero. Nam dui.', 'Fusce consequat. Nulla nisl. Nunc nisl.

Duis bibendum, felis sed interdum venenatis, turpis enim blandit mi, in porttitor pede justo eu massa. Donec dapibus. Duis at velit eu est congue elementum.

In hac habitasse platea dictumst. Morbi vestibulum, velit id pretium iaculis, diam erat fermentum justo, nec condimentum neque sapien placerat ante. Nulla justo.

Aliquam quis turpis eget elit sodales scelerisque. Mauris sit amet eros. Suspendisse accumsan tortor quis turpis.', '2021-07-05 11:12:39', 'draft', 14, 5);
insert into blog_post (id, title, slug, image, excerpt, content, published_date, status, author_id, category_id) values (73, 'Nam ultrices, libero non mattis pulvinar, nulla pede ullamcorper augue, a suscipit nulla elit ac nulla. Sed vel enim sit amet nunc viverra dapibus. Nulla suscipit ligula in lacus.', 'sample_slug_content_73', 'posts/default.jpg', 'In hac habitasse platea dictumst. Morbi vestibulum, velit id pretium iaculis, diam erat fermentum justo, nec condimentum neque sapien placerat ante. Nulla justo.

Aliquam quis turpis eget elit sodales scelerisque. Mauris sit amet eros. Suspendisse accumsan tortor quis turpis.

Sed ante. Vivamus tortor. Duis mattis egestas metus.', 'Morbi non lectus. Aliquam sit amet diam in magna bibendum imperdiet. Nullam orci pede, venenatis non, sodales sed, tincidunt eu, felis.

Fusce posuere felis sed lacus. Morbi sem mauris, laoreet ut, rhoncus aliquet, pulvinar sed, nisl. Nunc rhoncus dui vel sem.

Sed sagittis. Nam congue, risus semper porta volutpat, quam pede lobortis ligula, sit amet eleifend pede libero quis orci. Nullam molestie nibh in lectus.

Pellentesque at nulla. Suspendisse potenti. Cras in purus eu magna vulputate luctus.', '2019-01-30 12:55:20', 'published', 36, 8);
insert into blog_post (id, title, slug, image, excerpt, content, published_date, status, author_id, category_id) values (74, 'Duis aliquam convallis nunc. Proin at turpis a pede posuere nonummy. Integer non velit.', 'sample_slug_content_74', 'posts/default.jpg', 'In quis justo. Maecenas rhoncus aliquam lacus. Morbi quis tortor id nulla ultrices aliquet.

Maecenas leo odio, condimentum id, luctus nec, molestie sed, justo. Pellentesque viverra pede ac diam. Cras pellentesque volutpat dui.', 'Nulla ut erat id mauris vulputate elementum. Nullam varius. Nulla facilisi.

Cras non velit nec nisi vulputate nonummy. Maecenas tincidunt lacus at velit. Vivamus vel nulla eget eros elementum pellentesque.

Quisque porta volutpat erat. Quisque erat eros, viverra eget, congue eget, semper rutrum, nulla. Nunc purus.

Phasellus in felis. Donec semper sapien a libero. Nam dui.

Proin leo odio, porttitor id, consequat in, consequat ut, nulla. Sed accumsan felis. Ut at dolor quis odio consequat varius.

Integer ac leo. Pellentesque ultrices mattis odio. Donec vitae nisi.', '2015-01-15 01:04:49', 'published', 64, 6);
insert into blog_post (id, title, slug, image, excerpt, content, published_date, status, author_id, category_id) values (75, 'Nullam porttitor lacus at turpis. Donec posuere metus vitae ipsum. Aliquam non mauris.', 'sample_slug_content_75', 'posts/default.jpg', 'Cras mi pede, malesuada in, imperdiet et, commodo vulputate, justo. In blandit ultrices enim. Lorem ipsum dolor sit amet, consectetuer adipiscing elit.', 'Morbi non lectus. Aliquam sit amet diam in magna bibendum imperdiet. Nullam orci pede, venenatis non, sodales sed, tincidunt eu, felis.

Fusce posuere felis sed lacus. Morbi sem mauris, laoreet ut, rhoncus aliquet, pulvinar sed, nisl. Nunc rhoncus dui vel sem.

Sed sagittis. Nam congue, risus semper porta volutpat, quam pede lobortis ligula, sit amet eleifend pede libero quis orci. Nullam molestie nibh in lectus.

Pellentesque at nulla. Suspendisse potenti. Cras in purus eu magna vulputate luctus.

Cum sociis natoque penatibus et magnis dis parturient montes, nascetur ridiculus mus. Vivamus vestibulum sagittis sapien. Cum sociis natoque penatibus et magnis dis parturient montes, nascetur ridiculus mus.

Etiam vel augue. Vestibulum rutrum rutrum neque. Aenean auctor gravida sem.', '2016-11-13 13:28:57', 'published', 90, 4);
insert into blog_post (id, title, slug, image, excerpt, content, published_date, status, author_id, category_id) values (76, 'Etiam vel augue. Vestibulum rutrum rutrum neque. Aenean auctor gravida sem.', 'sample_slug_content_76', 'posts/default.jpg', 'Curabitur gravida nisi at nibh. In hac habitasse platea dictumst. Aliquam augue quam, sollicitudin vitae, consectetuer eget, rutrum at, lorem.

Integer tincidunt ante vel ipsum. Praesent blandit lacinia erat. Vestibulum sed magna at nunc commodo placerat.

Praesent blandit. Nam nulla. Integer pede justo, lacinia eget, tincidunt eget, tempus vel, pede.', 'Maecenas ut massa quis augue luctus tincidunt. Nulla mollis molestie lorem. Quisque ut erat.

Curabitur gravida nisi at nibh. In hac habitasse platea dictumst. Aliquam augue quam, sollicitudin vitae, consectetuer eget, rutrum at, lorem.

Integer tincidunt ante vel ipsum. Praesent blandit lacinia erat. Vestibulum sed magna at nunc commodo placerat.

Praesent blandit. Nam nulla. Integer pede justo, lacinia eget, tincidunt eget, tempus vel, pede.

Morbi porttitor lorem id ligula. Suspendisse ornare consequat lectus. In est risus, auctor sed, tristique in, tempus sit amet, sem.

Fusce consequat. Nulla nisl. Nunc nisl.', '2010-06-07 07:58:23', 'published', 83, 4);
insert into blog_post (id, title, slug, image, excerpt, content, published_date, status, author_id, category_id) values (77, 'Curabitur in libero ut massa volutpat convallis. Morbi odio odio, elementum eu, interdum eu, tincidunt in, leo. Maecenas pulvinar lobortis est.', 'sample_slug_content_77', 'posts/default.jpg', 'Fusce posuere felis sed lacus. Morbi sem mauris, laoreet ut, rhoncus aliquet, pulvinar sed, nisl. Nunc rhoncus dui vel sem.

Sed sagittis. Nam congue, risus semper porta volutpat, quam pede lobortis ligula, sit amet eleifend pede libero quis orci. Nullam molestie nibh in lectus.

Pellentesque at nulla. Suspendisse potenti. Cras in purus eu magna vulputate luctus.', 'Fusce consequat. Nulla nisl. Nunc nisl.

Duis bibendum, felis sed interdum venenatis, turpis enim blandit mi, in porttitor pede justo eu massa. Donec dapibus. Duis at velit eu est congue elementum.

In hac habitasse platea dictumst. Morbi vestibulum, velit id pretium iaculis, diam erat fermentum justo, nec condimentum neque sapien placerat ante. Nulla justo.

Aliquam quis turpis eget elit sodales scelerisque. Mauris sit amet eros. Suspendisse accumsan tortor quis turpis.

Sed ante. Vivamus tortor. Duis mattis egestas metus.

Aenean fermentum. Donec ut mauris eget massa tempor convallis. Nulla neque libero, convallis eget, eleifend luctus, ultricies eu, nibh.', '2001-08-31 23:37:17', 'published', 83, 8);
insert into blog_post (id, title, slug, image, excerpt, content, published_date, status, author_id, category_id) values (78, 'Praesent blandit. Nam nulla. Integer pede justo, lacinia eget, tincidunt eget, tempus vel, pede.', 'sample_slug_content_78', 'posts/default.jpg', 'Suspendisse potenti. In eleifend quam a odio. In hac habitasse platea dictumst.', 'Proin eu mi. Nulla ac enim. In tempor, turpis nec euismod scelerisque, quam turpis adipiscing lorem, vitae mattis nibh ligula nec sem.

Duis aliquam convallis nunc. Proin at turpis a pede posuere nonummy. Integer non velit.

Donec diam neque, vestibulum eget, vulputate ut, ultrices vel, augue. Vestibulum ante ipsum primis in faucibus orci luctus et ultrices posuere cubilia Curae; Donec pharetra, magna vestibulum aliquet ultrices, erat tortor sollicitudin mi, sit amet lobortis sapien sapien non mi. Integer ac neque.

Duis bibendum. Morbi non quam nec dui luctus rutrum. Nulla tellus.', '2013-04-03 01:14:32', 'published', 85, 6);
insert into blog_post (id, title, slug, image, excerpt, content, published_date, status, author_id, category_id) values (79, 'In congue. Etiam justo. Etiam pretium iaculis justo.', 'sample_slug_content_79', 'posts/default.jpg', 'In sagittis dui vel nisl. Duis ac nibh. Fusce lacus purus, aliquet at, feugiat non, pretium quis, lectus.

Suspendisse potenti. In eleifend quam a odio. In hac habitasse platea dictumst.', 'Maecenas leo odio, condimentum id, luctus nec, molestie sed, justo. Pellentesque viverra pede ac diam. Cras pellentesque volutpat dui.

Maecenas tristique, est et tempus semper, est quam pharetra magna, ac consequat metus sapien ut nunc. Vestibulum ante ipsum primis in faucibus orci luctus et ultrices posuere cubilia Curae; Mauris viverra diam vitae quam. Suspendisse potenti.

Nullam porttitor lacus at turpis. Donec posuere metus vitae ipsum. Aliquam non mauris.

Morbi non lectus. Aliquam sit amet diam in magna bibendum imperdiet. Nullam orci pede, venenatis non, sodales sed, tincidunt eu, felis.

Fusce posuere felis sed lacus. Morbi sem mauris, laoreet ut, rhoncus aliquet, pulvinar sed, nisl. Nunc rhoncus dui vel sem.', '2002-06-27 08:24:14', 'published', 48, 4);
insert into blog_post (id, title, slug, image, excerpt, content, published_date, status, author_id, category_id) values (80, 'In sagittis dui vel nisl. Duis ac nibh. Fusce lacus purus, aliquet at, feugiat non, pretium quis, lectus.', 'sample_slug_content_80', 'posts/default.jpg', 'Fusce consequat. Nulla nisl. Nunc nisl.

Duis bibendum, felis sed interdum venenatis, turpis enim blandit mi, in porttitor pede justo eu massa. Donec dapibus. Duis at velit eu est congue elementum.', 'Duis bibendum, felis sed interdum venenatis, turpis enim blandit mi, in porttitor pede justo eu massa. Donec dapibus. Duis at velit eu est congue elementum.

In hac habitasse platea dictumst. Morbi vestibulum, velit id pretium iaculis, diam erat fermentum justo, nec condimentum neque sapien placerat ante. Nulla justo.

Aliquam quis turpis eget elit sodales scelerisque. Mauris sit amet eros. Suspendisse accumsan tortor quis turpis.', '2010-12-30 18:08:02', 'draft', 7, 6);
insert into blog_post (id, title, slug, image, excerpt, content, published_date, status, author_id, category_id) values (81, 'Morbi porttitor lorem id ligula. Suspendisse ornare consequat lectus. In est risus, auctor sed, tristique in, tempus sit amet, sem.', 'sample_slug_content_81', 'posts/default.jpg', 'Praesent blandit. Nam nulla. Integer pede justo, lacinia eget, tincidunt eget, tempus vel, pede.', 'Vestibulum ac est lacinia nisi venenatis tristique. Fusce congue, diam id ornare imperdiet, sapien urna pretium nisl, ut volutpat sapien arcu sed augue. Aliquam erat volutpat.

In congue. Etiam justo. Etiam pretium iaculis justo.

In hac habitasse platea dictumst. Etiam faucibus cursus urna. Ut tellus.

Nulla ut erat id mauris vulputate elementum. Nullam varius. Nulla facilisi.', '2012-06-26 14:09:09', 'published', 1, 8);
insert into blog_post (id, title, slug, image, excerpt, content, published_date, status, author_id, category_id) values (82, 'In sagittis dui vel nisl. Duis ac nibh. Fusce lacus purus, aliquet at, feugiat non, pretium quis, lectus.', 'sample_slug_content_82', 'posts/default.jpg', 'Proin leo odio, porttitor id, consequat in, consequat ut, nulla. Sed accumsan felis. Ut at dolor quis odio consequat varius.

Integer ac leo. Pellentesque ultrices mattis odio. Donec vitae nisi.', 'Donec diam neque, vestibulum eget, vulputate ut, ultrices vel, augue. Vestibulum ante ipsum primis in faucibus orci luctus et ultrices posuere cubilia Curae; Donec pharetra, magna vestibulum aliquet ultrices, erat tortor sollicitudin mi, sit amet lobortis sapien sapien non mi. Integer ac neque.

Duis bibendum. Morbi non quam nec dui luctus rutrum. Nulla tellus.

In sagittis dui vel nisl. Duis ac nibh. Fusce lacus purus, aliquet at, feugiat non, pretium quis, lectus.

Suspendisse potenti. In eleifend quam a odio. In hac habitasse platea dictumst.', '2015-12-23 16:03:19', 'published', 46, 8);
insert into blog_post (id, title, slug, image, excerpt, content, published_date, status, author_id, category_id) values (83, 'Duis consequat dui nec nisi volutpat eleifend. Donec ut dolor. Morbi vel lectus in quam fringilla rhoncus.', 'sample_slug_content_83', 'posts/default.jpg', 'Morbi porttitor lorem id ligula. Suspendisse ornare consequat lectus. In est risus, auctor sed, tristique in, tempus sit amet, sem.', 'Cras mi pede, malesuada in, imperdiet et, commodo vulputate, justo. In blandit ultrices enim. Lorem ipsum dolor sit amet, consectetuer adipiscing elit.

Proin interdum mauris non ligula pellentesque ultrices. Phasellus id sapien in sapien iaculis congue. Vivamus metus arcu, adipiscing molestie, hendrerit at, vulputate vitae, nisl.

Aenean lectus. Pellentesque eget nunc. Donec quis orci eget orci vehicula condimentum.

Curabitur in libero ut massa volutpat convallis. Morbi odio odio, elementum eu, interdum eu, tincidunt in, leo. Maecenas pulvinar lobortis est.', '2004-05-27 19:14:53', 'draft', 24, 6);
insert into blog_post (id, title, slug, image, excerpt, content, published_date, status, author_id, category_id) values (84, 'Cras non velit nec nisi vulputate nonummy. Maecenas tincidunt lacus at velit. Vivamus vel nulla eget eros elementum pellentesque.', 'sample_slug_content_84', 'posts/default.jpg', 'Phasellus in felis. Donec semper sapien a libero. Nam dui.', 'In congue. Etiam justo. Etiam pretium iaculis justo.

In hac habitasse platea dictumst. Etiam faucibus cursus urna. Ut tellus.

Nulla ut erat id mauris vulputate elementum. Nullam varius. Nulla facilisi.

Cras non velit nec nisi vulputate nonummy. Maecenas tincidunt lacus at velit. Vivamus vel nulla eget eros elementum pellentesque.

Quisque porta volutpat erat. Quisque erat eros, viverra eget, congue eget, semper rutrum, nulla. Nunc purus.', '2009-08-27 02:47:07', 'published', 65, 9);
insert into blog_post (id, title, slug, image, excerpt, content, published_date, status, author_id, category_id) values (85, 'Cras non velit nec nisi vulputate nonummy. Maecenas tincidunt lacus at velit. Vivamus vel nulla eget eros elementum pellentesque.', 'sample_slug_content_85', 'posts/default.jpg', 'Aenean lectus. Pellentesque eget nunc. Donec quis orci eget orci vehicula condimentum.

Curabitur in libero ut massa volutpat convallis. Morbi odio odio, elementum eu, interdum eu, tincidunt in, leo. Maecenas pulvinar lobortis est.', 'Duis bibendum, felis sed interdum venenatis, turpis enim blandit mi, in porttitor pede justo eu massa. Donec dapibus. Duis at velit eu est congue elementum.

In hac habitasse platea dictumst. Morbi vestibulum, velit id pretium iaculis, diam erat fermentum justo, nec condimentum neque sapien placerat ante. Nulla justo.

Aliquam quis turpis eget elit sodales scelerisque. Mauris sit amet eros. Suspendisse accumsan tortor quis turpis.

Sed ante. Vivamus tortor. Duis mattis egestas metus.', '2020-05-02 18:59:04', 'draft', 10, 4);
insert into blog_post (id, title, slug, image, excerpt, content, published_date, status, author_id, category_id) values (86, 'Phasellus in felis. Donec semper sapien a libero. Nam dui.', 'sample_slug_content_86', 'posts/default.jpg', 'Cum sociis natoque penatibus et magnis dis parturient montes, nascetur ridiculus mus. Vivamus vestibulum sagittis sapien. Cum sociis natoque penatibus et magnis dis parturient montes, nascetur ridiculus mus.

Etiam vel augue. Vestibulum rutrum rutrum neque. Aenean auctor gravida sem.', 'Etiam vel augue. Vestibulum rutrum rutrum neque. Aenean auctor gravida sem.

Praesent id massa id nisl venenatis lacinia. Aenean sit amet justo. Morbi ut odio.

Cras mi pede, malesuada in, imperdiet et, commodo vulputate, justo. In blandit ultrices enim. Lorem ipsum dolor sit amet, consectetuer adipiscing elit.

Proin interdum mauris non ligula pellentesque ultrices. Phasellus id sapien in sapien iaculis congue. Vivamus metus arcu, adipiscing molestie, hendrerit at, vulputate vitae, nisl.

Aenean lectus. Pellentesque eget nunc. Donec quis orci eget orci vehicula condimentum.

Curabitur in libero ut massa volutpat convallis. Morbi odio odio, elementum eu, interdum eu, tincidunt in, leo. Maecenas pulvinar lobortis est.', '2022-10-22 13:49:04', 'draft', 71, 1);
insert into blog_post (id, title, slug, image, excerpt, content, published_date, status, author_id, category_id) values (87, 'Proin eu mi. Nulla ac enim. In tempor, turpis nec euismod scelerisque, quam turpis adipiscing lorem, vitae mattis nibh ligula nec sem.', 'sample_slug_content_87', 'posts/default.jpg', 'Proin interdum mauris non ligula pellentesque ultrices. Phasellus id sapien in sapien iaculis congue. Vivamus metus arcu, adipiscing molestie, hendrerit at, vulputate vitae, nisl.

Aenean lectus. Pellentesque eget nunc. Donec quis orci eget orci vehicula condimentum.

Curabitur in libero ut massa volutpat convallis. Morbi odio odio, elementum eu, interdum eu, tincidunt in, leo. Maecenas pulvinar lobortis est.', 'Fusce consequat. Nulla nisl. Nunc nisl.

Duis bibendum, felis sed interdum venenatis, turpis enim blandit mi, in porttitor pede justo eu massa. Donec dapibus. Duis at velit eu est congue elementum.

In hac habitasse platea dictumst. Morbi vestibulum, velit id pretium iaculis, diam erat fermentum justo, nec condimentum neque sapien placerat ante. Nulla justo.

Aliquam quis turpis eget elit sodales scelerisque. Mauris sit amet eros. Suspendisse accumsan tortor quis turpis.

Sed ante. Vivamus tortor. Duis mattis egestas metus.', '2012-08-02 20:06:41', 'draft', 38, 5);
insert into blog_post (id, title, slug, image, excerpt, content, published_date, status, author_id, category_id) values (88, 'Nullam sit amet turpis elementum ligula vehicula consequat. Morbi a ipsum. Integer a nibh.', 'sample_slug_content_88', 'posts/default.jpg', 'Morbi non lectus. Aliquam sit amet diam in magna bibendum imperdiet. Nullam orci pede, venenatis non, sodales sed, tincidunt eu, felis.

Fusce posuere felis sed lacus. Morbi sem mauris, laoreet ut, rhoncus aliquet, pulvinar sed, nisl. Nunc rhoncus dui vel sem.', 'Morbi non lectus. Aliquam sit amet diam in magna bibendum imperdiet. Nullam orci pede, venenatis non, sodales sed, tincidunt eu, felis.

Fusce posuere felis sed lacus. Morbi sem mauris, laoreet ut, rhoncus aliquet, pulvinar sed, nisl. Nunc rhoncus dui vel sem.

Sed sagittis. Nam congue, risus semper porta volutpat, quam pede lobortis ligula, sit amet eleifend pede libero quis orci. Nullam molestie nibh in lectus.

Pellentesque at nulla. Suspendisse potenti. Cras in purus eu magna vulputate luctus.

Cum sociis natoque penatibus et magnis dis parturient montes, nascetur ridiculus mus. Vivamus vestibulum sagittis sapien. Cum sociis natoque penatibus et magnis dis parturient montes, nascetur ridiculus mus.

Etiam vel augue. Vestibulum rutrum rutrum neque. Aenean auctor gravida sem.', '2020-03-30 14:59:47', 'published', 38, 9);
insert into blog_post (id, title, slug, image, excerpt, content, published_date, status, author_id, category_id) values (89, 'Duis consequat dui nec nisi volutpat eleifend. Donec ut dolor. Morbi vel lectus in quam fringilla rhoncus.', 'sample_slug_content_89', 'posts/default.jpg', 'Maecenas leo odio, condimentum id, luctus nec, molestie sed, justo. Pellentesque viverra pede ac diam. Cras pellentesque volutpat dui.

Maecenas tristique, est et tempus semper, est quam pharetra magna, ac consequat metus sapien ut nunc. Vestibulum ante ipsum primis in faucibus orci luctus et ultrices posuere cubilia Curae; Mauris viverra diam vitae quam. Suspendisse potenti.

Nullam porttitor lacus at turpis. Donec posuere metus vitae ipsum. Aliquam non mauris.', 'Integer ac leo. Pellentesque ultrices mattis odio. Donec vitae nisi.

Nam ultrices, libero non mattis pulvinar, nulla pede ullamcorper augue, a suscipit nulla elit ac nulla. Sed vel enim sit amet nunc viverra dapibus. Nulla suscipit ligula in lacus.

Curabitur at ipsum ac tellus semper interdum. Mauris ullamcorper purus sit amet nulla. Quisque arcu libero, rutrum ac, lobortis vel, dapibus at, diam.', '2017-01-10 20:27:29', 'published', 40, 2);
insert into blog_post (id, title, slug, image, excerpt, content, published_date, status, author_id, category_id) values (90, 'Donec diam neque, vestibulum eget, vulputate ut, ultrices vel, augue. Vestibulum ante ipsum primis in faucibus orci luctus et ultrices posuere cubilia Curae; Donec pharetra, magna vestibulum aliquet ultrices, erat tortor sollicitudin mi, sit amet lobortis sapien sapien non mi. Integer ac neque.', 'sample_slug_content_90', 'posts/default.jpg', 'Aenean lectus. Pellentesque eget nunc. Donec quis orci eget orci vehicula condimentum.

Curabitur in libero ut massa volutpat convallis. Morbi odio odio, elementum eu, interdum eu, tincidunt in, leo. Maecenas pulvinar lobortis est.

Phasellus sit amet erat. Nulla tempus. Vivamus in felis eu sapien cursus vestibulum.', 'Sed ante. Vivamus tortor. Duis mattis egestas metus.

Aenean fermentum. Donec ut mauris eget massa tempor convallis. Nulla neque libero, convallis eget, eleifend luctus, ultricies eu, nibh.

Quisque id justo sit amet sapien dignissim vestibulum. Vestibulum ante ipsum primis in faucibus orci luctus et ultrices posuere cubilia Curae; Nulla dapibus dolor vel est. Donec odio justo, sollicitudin ut, suscipit a, feugiat et, eros.

Vestibulum ac est lacinia nisi venenatis tristique. Fusce congue, diam id ornare imperdiet, sapien urna pretium nisl, ut volutpat sapien arcu sed augue. Aliquam erat volutpat.

In congue. Etiam justo. Etiam pretium iaculis justo.', '2015-12-09 05:48:07', 'draft', 76, 7);
insert into blog_post (id, title, slug, image, excerpt, content, published_date, status, author_id, category_id) values (91, 'Proin eu mi. Nulla ac enim. In tempor, turpis nec euismod scelerisque, quam turpis adipiscing lorem, vitae mattis nibh ligula nec sem.', 'sample_slug_content_91', 'posts/default.jpg', 'Curabitur in libero ut massa volutpat convallis. Morbi odio odio, elementum eu, interdum eu, tincidunt in, leo. Maecenas pulvinar lobortis est.

Phasellus sit amet erat. Nulla tempus. Vivamus in felis eu sapien cursus vestibulum.', 'Maecenas leo odio, condimentum id, luctus nec, molestie sed, justo. Pellentesque viverra pede ac diam. Cras pellentesque volutpat dui.

Maecenas tristique, est et tempus semper, est quam pharetra magna, ac consequat metus sapien ut nunc. Vestibulum ante ipsum primis in faucibus orci luctus et ultrices posuere cubilia Curae; Mauris viverra diam vitae quam. Suspendisse potenti.

Nullam porttitor lacus at turpis. Donec posuere metus vitae ipsum. Aliquam non mauris.

Morbi non lectus. Aliquam sit amet diam in magna bibendum imperdiet. Nullam orci pede, venenatis non, sodales sed, tincidunt eu, felis.

Fusce posuere felis sed lacus. Morbi sem mauris, laoreet ut, rhoncus aliquet, pulvinar sed, nisl. Nunc rhoncus dui vel sem.', '2016-06-28 19:55:52', 'draft', 4, 1);
insert into blog_post (id, title, slug, image, excerpt, content, published_date, status, author_id, category_id) values (92, 'Vestibulum ac est lacinia nisi venenatis tristique. Fusce congue, diam id ornare imperdiet, sapien urna pretium nisl, ut volutpat sapien arcu sed augue. Aliquam erat volutpat.', 'sample_slug_content_92', 'posts/default.jpg', 'Integer tincidunt ante vel ipsum. Praesent blandit lacinia erat. Vestibulum sed magna at nunc commodo placerat.

Praesent blandit. Nam nulla. Integer pede justo, lacinia eget, tincidunt eget, tempus vel, pede.

Morbi porttitor lorem id ligula. Suspendisse ornare consequat lectus. In est risus, auctor sed, tristique in, tempus sit amet, sem.', 'Vestibulum ac est lacinia nisi venenatis tristique. Fusce congue, diam id ornare imperdiet, sapien urna pretium nisl, ut volutpat sapien arcu sed augue. Aliquam erat volutpat.

In congue. Etiam justo. Etiam pretium iaculis justo.

In hac habitasse platea dictumst. Etiam faucibus cursus urna. Ut tellus.

Nulla ut erat id mauris vulputate elementum. Nullam varius. Nulla facilisi.

Cras non velit nec nisi vulputate nonummy. Maecenas tincidunt lacus at velit. Vivamus vel nulla eget eros elementum pellentesque.', '2008-12-04 01:30:27', 'draft', 98, 2);
insert into blog_post (id, title, slug, image, excerpt, content, published_date, status, author_id, category_id) values (93, 'Nullam sit amet turpis elementum ligula vehicula consequat. Morbi a ipsum. Integer a nibh.', 'sample_slug_content_93', 'posts/default.jpg', 'Fusce consequat. Nulla nisl. Nunc nisl.

Duis bibendum, felis sed interdum venenatis, turpis enim blandit mi, in porttitor pede justo eu massa. Donec dapibus. Duis at velit eu est congue elementum.', 'In hac habitasse platea dictumst. Morbi vestibulum, velit id pretium iaculis, diam erat fermentum justo, nec condimentum neque sapien placerat ante. Nulla justo.

Aliquam quis turpis eget elit sodales scelerisque. Mauris sit amet eros. Suspendisse accumsan tortor quis turpis.

Sed ante. Vivamus tortor. Duis mattis egestas metus.

Aenean fermentum. Donec ut mauris eget massa tempor convallis. Nulla neque libero, convallis eget, eleifend luctus, ultricies eu, nibh.

Quisque id justo sit amet sapien dignissim vestibulum. Vestibulum ante ipsum primis in faucibus orci luctus et ultrices posuere cubilia Curae; Nulla dapibus dolor vel est. Donec odio justo, sollicitudin ut, suscipit a, feugiat et, eros.', '2001-09-30 10:02:08', 'published', 33, 4);
insert into blog_post (id, title, slug, image, excerpt, content, published_date, status, author_id, category_id) values (94, 'Pellentesque at nulla. Suspendisse potenti. Cras in purus eu magna vulputate luctus.', 'sample_slug_content_94', 'posts/default.jpg', 'Vestibulum ac est lacinia nisi venenatis tristique. Fusce congue, diam id ornare imperdiet, sapien urna pretium nisl, ut volutpat sapien arcu sed augue. Aliquam erat volutpat.

In congue. Etiam justo. Etiam pretium iaculis justo.', 'Mauris enim leo, rhoncus sed, vestibulum sit amet, cursus id, turpis. Integer aliquet, massa id lobortis convallis, tortor risus dapibus augue, vel accumsan tellus nisi eu orci. Mauris lacinia sapien quis libero.

Nullam sit amet turpis elementum ligula vehicula consequat. Morbi a ipsum. Integer a nibh.

In quis justo. Maecenas rhoncus aliquam lacus. Morbi quis tortor id nulla ultrices aliquet.

Maecenas leo odio, condimentum id, luctus nec, molestie sed, justo. Pellentesque viverra pede ac diam. Cras pellentesque volutpat dui.

Maecenas tristique, est et tempus semper, est quam pharetra magna, ac consequat metus sapien ut nunc. Vestibulum ante ipsum primis in faucibus orci luctus et ultrices posuere cubilia Curae; Mauris viverra diam vitae quam. Suspendisse potenti.

Nullam porttitor lacus at turpis. Donec posuere metus vitae ipsum. Aliquam non mauris.', '2022-01-30 17:16:27', 'draft', 57, 3);
insert into blog_post (id, title, slug, image, excerpt, content, published_date, status, author_id, category_id) values (95, 'Aenean lectus. Pellentesque eget nunc. Donec quis orci eget orci vehicula condimentum.', 'sample_slug_content_95', 'posts/default.jpg', 'Morbi non lectus. Aliquam sit amet diam in magna bibendum imperdiet. Nullam orci pede, venenatis non, sodales sed, tincidunt eu, felis.', 'Lorem ipsum dolor sit amet, consectetuer adipiscing elit. Proin risus. Praesent lectus.

Vestibulum quam sapien, varius ut, blandit non, interdum in, ante. Vestibulum ante ipsum primis in faucibus orci luctus et ultrices posuere cubilia Curae; Duis faucibus accumsan odio. Curabitur convallis.

Duis consequat dui nec nisi volutpat eleifend. Donec ut dolor. Morbi vel lectus in quam fringilla rhoncus.

Mauris enim leo, rhoncus sed, vestibulum sit amet, cursus id, turpis. Integer aliquet, massa id lobortis convallis, tortor risus dapibus augue, vel accumsan tellus nisi eu orci. Mauris lacinia sapien quis libero.

Nullam sit amet turpis elementum ligula vehicula consequat. Morbi a ipsum. Integer a nibh.', '2016-10-14 14:14:21', 'draft', 6, 4);
insert into blog_post (id, title, slug, image, excerpt, content, published_date, status, author_id, category_id) values (96, 'Integer tincidunt ante vel ipsum. Praesent blandit lacinia erat. Vestibulum sed magna at nunc commodo placerat.', 'sample_slug_content_96', 'posts/default.jpg', 'Aenean lectus. Pellentesque eget nunc. Donec quis orci eget orci vehicula condimentum.

Curabitur in libero ut massa volutpat convallis. Morbi odio odio, elementum eu, interdum eu, tincidunt in, leo. Maecenas pulvinar lobortis est.

Phasellus sit amet erat. Nulla tempus. Vivamus in felis eu sapien cursus vestibulum.', 'Cras mi pede, malesuada in, imperdiet et, commodo vulputate, justo. In blandit ultrices enim. Lorem ipsum dolor sit amet, consectetuer adipiscing elit.

Proin interdum mauris non ligula pellentesque ultrices. Phasellus id sapien in sapien iaculis congue. Vivamus metus arcu, adipiscing molestie, hendrerit at, vulputate vitae, nisl.

Aenean lectus. Pellentesque eget nunc. Donec quis orci eget orci vehicula condimentum.

Curabitur in libero ut massa volutpat convallis. Morbi odio odio, elementum eu, interdum eu, tincidunt in, leo. Maecenas pulvinar lobortis est.

Phasellus sit amet erat. Nulla tempus. Vivamus in felis eu sapien cursus vestibulum.', '2017-02-20 13:22:06', 'published', 30, 1);
insert into blog_post (id, title, slug, image, excerpt, content, published_date, status, author_id, category_id) values (97, 'Praesent blandit. Nam nulla. Integer pede justo, lacinia eget, tincidunt eget, tempus vel, pede.', 'sample_slug_content_97', 'posts/default.jpg', 'Vestibulum ac est lacinia nisi venenatis tristique. Fusce congue, diam id ornare imperdiet, sapien urna pretium nisl, ut volutpat sapien arcu sed augue. Aliquam erat volutpat.

In congue. Etiam justo. Etiam pretium iaculis justo.

In hac habitasse platea dictumst. Etiam faucibus cursus urna. Ut tellus.', 'Aliquam quis turpis eget elit sodales scelerisque. Mauris sit amet eros. Suspendisse accumsan tortor quis turpis.

Sed ante. Vivamus tortor. Duis mattis egestas metus.

Aenean fermentum. Donec ut mauris eget massa tempor convallis. Nulla neque libero, convallis eget, eleifend luctus, ultricies eu, nibh.', '2002-01-24 03:43:12', 'published', 29, 9);
insert into blog_post (id, title, slug, image, excerpt, content, published_date, status, author_id, category_id) values (98, 'Curabitur gravida nisi at nibh. In hac habitasse platea dictumst. Aliquam augue quam, sollicitudin vitae, consectetuer eget, rutrum at, lorem.', 'sample_slug_content_98', 'posts/default.jpg', 'Vestibulum ac est lacinia nisi venenatis tristique. Fusce congue, diam id ornare imperdiet, sapien urna pretium nisl, ut volutpat sapien arcu sed augue. Aliquam erat volutpat.

In congue. Etiam justo. Etiam pretium iaculis justo.

In hac habitasse platea dictumst. Etiam faucibus cursus urna. Ut tellus.', 'Morbi non lectus. Aliquam sit amet diam in magna bibendum imperdiet. Nullam orci pede, venenatis non, sodales sed, tincidunt eu, felis.

Fusce posuere felis sed lacus. Morbi sem mauris, laoreet ut, rhoncus aliquet, pulvinar sed, nisl. Nunc rhoncus dui vel sem.

Sed sagittis. Nam congue, risus semper porta volutpat, quam pede lobortis ligula, sit amet eleifend pede libero quis orci. Nullam molestie nibh in lectus.

Pellentesque at nulla. Suspendisse potenti. Cras in purus eu magna vulputate luctus.

Cum sociis natoque penatibus et magnis dis parturient montes, nascetur ridiculus mus. Vivamus vestibulum sagittis sapien. Cum sociis natoque penatibus et magnis dis parturient montes, nascetur ridiculus mus.', '2007-08-26 21:07:58', 'published', 12, 4);
insert into blog_post (id, title, slug, image, excerpt, content, published_date, status, author_id, category_id) values (99, 'Aliquam quis turpis eget elit sodales scelerisque. Mauris sit amet eros. Suspendisse accumsan tortor quis turpis.', 'sample_slug_content_99', 'posts/default.jpg', 'In sagittis dui vel nisl. Duis ac nibh. Fusce lacus purus, aliquet at, feugiat non, pretium quis, lectus.', 'Nullam porttitor lacus at turpis. Donec posuere metus vitae ipsum. Aliquam non mauris.

Morbi non lectus. Aliquam sit amet diam in magna bibendum imperdiet. Nullam orci pede, venenatis non, sodales sed, tincidunt eu, felis.

Fusce posuere felis sed lacus. Morbi sem mauris, laoreet ut, rhoncus aliquet, pulvinar sed, nisl. Nunc rhoncus dui vel sem.

Sed sagittis. Nam congue, risus semper porta volutpat, quam pede lobortis ligula, sit amet eleifend pede libero quis orci. Nullam molestie nibh in lectus.

Pellentesque at nulla. Suspendisse potenti. Cras in purus eu magna vulputate luctus.', '2003-01-28 13:06:44', 'published', 25, 9);
insert into blog_post (id, title, slug, image, excerpt, content, published_date, status, author_id, category_id) values (100, 'Nullam porttitor lacus at turpis. Donec posuere metus vitae ipsum. Aliquam non mauris.', 'sample_slug_content_100', 'posts/default.jpg', 'Vestibulum ac est lacinia nisi venenatis tristique. Fusce congue, diam id ornare imperdiet, sapien urna pretium nisl, ut volutpat sapien arcu sed augue. Aliquam erat volutpat.

In congue. Etiam justo. Etiam pretium iaculis justo.

In hac habitasse platea dictumst. Etiam faucibus cursus urna. Ut tellus.', 'Quisque porta volutpat erat. Quisque erat eros, viverra eget, congue eget, semper rutrum, nulla. Nunc purus.

Phasellus in felis. Donec semper sapien a libero. Nam dui.

Proin leo odio, porttitor id, consequat in, consequat ut, nulla. Sed accumsan felis. Ut at dolor quis odio consequat varius.

Integer ac leo. Pellentesque ultrices mattis odio. Donec vitae nisi.

Nam ultrices, libero non mattis pulvinar, nulla pede ullamcorper augue, a suscipit nulla elit ac nulla. Sed vel enim sit amet nunc viverra dapibus. Nulla suscipit ligula in lacus.', '2011-06-25 08:22:21', 'published', 57, 3);








insert into blog_comment (id, content, published_date, lft, rght, tree_id, level, author_id, post_id) values (2, 'Proin leo odio, porttitor id, consequat in, consequat ut, nulla. Sed accumsan felis. Ut at dolor quis odio consequat varius.

Integer ac leo. Pellentesque ultrices mattis odio. Donec vitae nisi.', '2021-09-17 23:38:24', 1, 2, 1, 0, 76, 1);
insert into blog_comment (id, content, published_date, lft, rght, tree_id, level, author_id, post_id) values (3, 'Praesent blandit. Nam nulla. Integer pede justo, lacinia eget, tincidunt eget, tempus vel, pede.', '2002-05-20 20:08:02', 1, 2, 1, 0, 48, 13);
insert into blog_comment (id, content, published_date, lft, rght, tree_id, level, author_id, post_id) values (4, 'In hac habitasse platea dictumst. Morbi vestibulum, velit id pretium iaculis, diam erat fermentum justo, nec condimentum neque sapien placerat ante. Nulla justo.', '2014-06-21 21:21:54', 1, 2, 1, 0, 32, 1);
insert into blog_comment (id, content, published_date, lft, rght, tree_id, level, author_id, post_id) values (5, 'In congue. Etiam justo. Etiam pretium iaculis justo.

In hac habitasse platea dictumst. Etiam faucibus cursus urna. Ut tellus.', '2002-05-31 18:54:18', 1, 2, 1, 0, 26, 3);
insert into blog_comment (id, content, published_date, lft, rght, tree_id, level, author_id, post_id) values (6, 'Sed ante. Vivamus tortor. Duis mattis egestas metus.', '2022-07-04 21:13:14', 1, 2, 1, 0, 95, 3);
insert into blog_comment (id, content, published_date, lft, rght, tree_id, level, author_id, post_id) values (7, 'Maecenas ut massa quis augue luctus tincidunt. Nulla mollis molestie lorem. Quisque ut erat.

Curabitur gravida nisi at nibh. In hac habitasse platea dictumst. Aliquam augue quam, sollicitudin vitae, consectetuer eget, rutrum at, lorem.', '2005-07-25 13:28:09', 1, 2, 1, 0, 28, 14);
insert into blog_comment (id, content, published_date, lft, rght, tree_id, level, author_id, post_id) values (8, 'Sed sagittis. Nam congue, risus semper porta volutpat, quam pede lobortis ligula, sit amet eleifend pede libero quis orci. Nullam molestie nibh in lectus.', '2019-12-23 18:24:11', 1, 2, 1, 0, 92, 17);
insert into blog_comment (id, content, published_date, lft, rght, tree_id, level, author_id, post_id) values (9, 'Proin eu mi. Nulla ac enim. In tempor, turpis nec euismod scelerisque, quam turpis adipiscing lorem, vitae mattis nibh ligula nec sem.', '2015-06-12 03:55:08', 1, 2, 1, 0, 69, 1);
insert into blog_comment (id, content, published_date, lft, rght, tree_id, level, author_id, post_id) values (10, 'Aliquam quis turpis eget elit sodales scelerisque. Mauris sit amet eros. Suspendisse accumsan tortor quis turpis.

Sed ante. Vivamus tortor. Duis mattis egestas metus.', '2009-11-02 06:16:07', 1, 2, 1, 0, 98, 2);
insert into blog_comment (id, content, published_date, lft, rght, tree_id, level, author_id, post_id) values (11, 'Vestibulum ac est lacinia nisi venenatis tristique. Fusce congue, diam id ornare imperdiet, sapien urna pretium nisl, ut volutpat sapien arcu sed augue. Aliquam erat volutpat.', '2021-02-28 09:20:20', 1, 2, 1, 0, 97, 20);
insert into blog_comment (id, content, published_date, lft, rght, tree_id, level, author_id, post_id) values (12, 'Integer ac leo. Pellentesque ultrices mattis odio. Donec vitae nisi.', '2018-07-07 23:31:21', 1, 2, 1, 0, 61, 12);
insert into blog_comment (id, content, published_date, lft, rght, tree_id, level, author_id, post_id) values (13, 'Vestibulum quam sapien, varius ut, blandit non, interdum in, ante. Vestibulum ante ipsum primis in faucibus orci luctus et ultrices posuere cubilia Curae; Duis faucibus accumsan odio. Curabitur convallis.', '2016-04-28 01:09:12', 1, 2, 1, 0, 60, 19);
insert into blog_comment (id, content, published_date, lft, rght, tree_id, level, author_id, post_id) values (14, 'Sed ante. Vivamus tortor. Duis mattis egestas metus.', '2020-10-15 22:07:22', 1, 2, 1, 0, 49, 14);
insert into blog_comment (id, content, published_date, lft, rght, tree_id, level, author_id, post_id) values (15, 'Phasellus in felis. Donec semper sapien a libero. Nam dui.

Proin leo odio, porttitor id, consequat in, consequat ut, nulla. Sed accumsan felis. Ut at dolor quis odio consequat varius.', '2007-11-29 11:58:44', 1, 2, 1, 0, 84, 19);
insert into blog_comment (id, content, published_date, lft, rght, tree_id, level, author_id, post_id) values (16, 'Praesent blandit. Nam nulla. Integer pede justo, lacinia eget, tincidunt eget, tempus vel, pede.

Morbi porttitor lorem id ligula. Suspendisse ornare consequat lectus. In est risus, auctor sed, tristique in, tempus sit amet, sem.', '2016-12-14 04:58:29', 1, 2, 1, 0, 27, 15);
insert into blog_comment (id, content, published_date, lft, rght, tree_id, level, author_id, post_id) values (17, 'In hac habitasse platea dictumst. Etiam faucibus cursus urna. Ut tellus.', '2001-08-23 00:24:39', 1, 2, 1, 0, 86, 14);
insert into blog_comment (id, content, published_date, lft, rght, tree_id, level, author_id, post_id) values (18, 'Fusce consequat. Nulla nisl. Nunc nisl.

Duis bibendum, felis sed interdum venenatis, turpis enim blandit mi, in porttitor pede justo eu massa. Donec dapibus. Duis at velit eu est congue elementum.', '2010-10-13 16:25:24', 1, 2, 1, 0, 72, 7);
insert into blog_comment (id, content, published_date, lft, rght, tree_id, level, author_id, post_id) values (19, 'Cum sociis natoque penatibus et magnis dis parturient montes, nascetur ridiculus mus. Vivamus vestibulum sagittis sapien. Cum sociis natoque penatibus et magnis dis parturient montes, nascetur ridiculus mus.

Etiam vel augue. Vestibulum rutrum rutrum neque. Aenean auctor gravida sem.', '2014-12-23 11:11:43', 1, 2, 1, 0, 1, 11);
insert into blog_comment (id, content, published_date, lft, rght, tree_id, level, author_id, post_id) values (20, 'Phasellus in felis. Donec semper sapien a libero. Nam dui.

Proin leo odio, porttitor id, consequat in, consequat ut, nulla. Sed accumsan felis. Ut at dolor quis odio consequat varius.', '2010-04-28 04:46:10', 1, 2, 1, 0, 18, 14);
insert into blog_comment (id, content, published_date, lft, rght, tree_id, level, author_id, post_id) values (21, 'Morbi non lectus. Aliquam sit amet diam in magna bibendum imperdiet. Nullam orci pede, venenatis non, sodales sed, tincidunt eu, felis.

Fusce posuere felis sed lacus. Morbi sem mauris, laoreet ut, rhoncus aliquet, pulvinar sed, nisl. Nunc rhoncus dui vel sem.', '2012-11-29 14:32:35', 1, 2, 1, 0, 74, 17);
insert into blog_comment (id, content, published_date, lft, rght, tree_id, level, author_id, post_id) values (22, 'Pellentesque at nulla. Suspendisse potenti. Cras in purus eu magna vulputate luctus.

Cum sociis natoque penatibus et magnis dis parturient montes, nascetur ridiculus mus. Vivamus vestibulum sagittis sapien. Cum sociis natoque penatibus et magnis dis parturient montes, nascetur ridiculus mus.', '2016-12-18 17:21:08', 1, 2, 1, 0, 65, 2);
insert into blog_comment (id, content, published_date, lft, rght, tree_id, level, author_id, post_id) values (23, 'Maecenas ut massa quis augue luctus tincidunt. Nulla mollis molestie lorem. Quisque ut erat.

Curabitur gravida nisi at nibh. In hac habitasse platea dictumst. Aliquam augue quam, sollicitudin vitae, consectetuer eget, rutrum at, lorem.', '2011-03-06 19:08:54', 1, 2, 1, 0, 60, 14);
insert into blog_comment (id, content, published_date, lft, rght, tree_id, level, author_id, post_id) values (24, 'Nam ultrices, libero non mattis pulvinar, nulla pede ullamcorper augue, a suscipit nulla elit ac nulla. Sed vel enim sit amet nunc viverra dapibus. Nulla suscipit ligula in lacus.

Curabitur at ipsum ac tellus semper interdum. Mauris ullamcorper purus sit amet nulla. Quisque arcu libero, rutrum ac, lobortis vel, dapibus at, diam.', '2003-12-19 06:48:15', 1, 2, 1, 0, 85, 1);
insert into blog_comment (id, content, published_date, lft, rght, tree_id, level, author_id, post_id) values (25, 'Nam ultrices, libero non mattis pulvinar, nulla pede ullamcorper augue, a suscipit nulla elit ac nulla. Sed vel enim sit amet nunc viverra dapibus. Nulla suscipit ligula in lacus.', '2004-12-10 11:44:06', 1, 2, 1, 0, 5, 9);
insert into blog_comment (id, content, published_date, lft, rght, tree_id, level, author_id, post_id) values (26, 'Duis consequat dui nec nisi volutpat eleifend. Donec ut dolor. Morbi vel lectus in quam fringilla rhoncus.', '2010-03-03 23:53:36', 1, 2, 1, 0, 77, 3);
insert into blog_comment (id, content, published_date, lft, rght, tree_id, level, author_id, post_id) values (27, 'Vestibulum ac est lacinia nisi venenatis tristique. Fusce congue, diam id ornare imperdiet, sapien urna pretium nisl, ut volutpat sapien arcu sed augue. Aliquam erat volutpat.

In congue. Etiam justo. Etiam pretium iaculis justo.', '2019-10-18 21:22:19', 1, 2, 1, 0, 56, 17);
insert into blog_comment (id, content, published_date, lft, rght, tree_id, level, author_id, post_id) values (28, 'Lorem ipsum dolor sit amet, consectetuer adipiscing elit. Proin risus. Praesent lectus.', '2021-12-04 14:18:13', 1, 2, 1, 0, 60, 1);
insert into blog_comment (id, content, published_date, lft, rght, tree_id, level, author_id, post_id) values (29, 'Praesent blandit. Nam nulla. Integer pede justo, lacinia eget, tincidunt eget, tempus vel, pede.

Morbi porttitor lorem id ligula. Suspendisse ornare consequat lectus. In est risus, auctor sed, tristique in, tempus sit amet, sem.', '2016-02-19 17:30:47', 1, 2, 1, 0, 100, 12);
insert into blog_comment (id, content, published_date, lft, rght, tree_id, level, author_id, post_id) values (30, 'Vestibulum quam sapien, varius ut, blandit non, interdum in, ante. Vestibulum ante ipsum primis in faucibus orci luctus et ultrices posuere cubilia Curae; Duis faucibus accumsan odio. Curabitur convallis.', '2004-11-22 14:20:50', 1, 2, 1, 0, 11, 20);
